Geography,Category,Packaging Class,Pack Type,Data Type,Unit,2015,2016,2017,2018,2019,2020,2021,2022,2023,2024,2025
Western Europe,Coffee,Total,Total Packaging,Retail/off-trade Unit Volume,million units,9598.9,9955.3,10590.7,10943.2,11158.4,12080.3,12352.1,12052.9,12023.0,12135.5,12217.6
Eastern Europe,Coffee,Total,Total Packaging,Retail/off-trade Unit Volume,million units,5011.9,4965.5,4956.9,4912.7,5017.4,4919.0,4973.3,4647.0,4830.5,4740.6,4701.0
North America,Coffee,Total,Total Packaging,Retail/off-trade Unit Volume,million units,2985.7,3050.0,3035.8,3111.1,3186.9,3497.4,3391.8,3185.6,3241.2,3279.0,3314.5
Latin America,Coffee,Total,Total Packaging,Retail/off-trade Unit Volume,million units,3696.1,3829.8,3995.6,4124.3,4267.0,4406.3,4590.0,4574.4,4693.7,4747.1,4812.5
Asia Pacific,Coffee,Total,Total Packaging,Retail/off-trade Unit Volume,million units,24251.7,26137.5,27864.4,29133.8,30123.1,29916.8,30660.3,30972.3,32236.4,32830.9,33102.2
Australasia,Coffee,Total,Total Packaging,Retail/off-trade Unit Volume,million units,266.6,271.1,270.9,272.2,279.4,296.1,308.9,317.1,316.4,311.8,311.7
Middle East and Africa,Coffee,Total,Total Packaging,Retail/off-trade Unit Volume,million units,641.9,704.0,743.6,771.9,813.1,874.7,901.3,938.7,986.6,1041.8,1103.2
Australia,Coffee,Total,Total Packaging,Retail/off-trade Unit Volume,million units,236.7,237.7,235.5,235.6,241.6,253.8,262.6,269.0,267.8,263.4,263.5
Brazil,Coffee,Total,Total Packaging,Retail/off-trade Unit Volume,million units,2538.7,2626.7,2726.0,2830.0,2941.3,3017.9,3065.6,3032.4,3126.0,3161.0,3200.2
China,Coffee,Total,Total Packaging,Retail/off-trade Unit Volume,million units,331.0,314.1,310.2,312.0,312.1,320.5,329.0,336.1,323.8,307.0,292.4
Germany,Coffee,Total,Total Packaging,Retail/off-trade Unit Volume,million units,2324.9,2344.0,2342.6,2340.4,2318.2,2443.8,2452.5,2390.6,2330.8,2249.1,2187.0
France,Coffee,Total,Total Packaging,Retail/off-trade Unit Volume,million units,1538.8,1609.6,1717.9,1829.2,1966.4,2156.3,2107.1,1967.1,1938.0,1932.7,1949.0
United Kingdom,Coffee,Total,Total Packaging,Retail/off-trade Unit Volume,million units,639.2,649.2,654.8,670.5,667.8,716.5,733.8,672.3,651.2,661.4,656.5
India,Coffee,Total,Total Packaging,Retail/off-trade Unit Volume,million units,1147.0,1219.0,1294.2,1380.0,1461.6,1564.7,1679.2,1774.7,1891.8,1976.7,2107.7
Japan,Coffee,Total,Total Packaging,Retail/off-trade Unit Volume,million units,800.2,825.9,826.2,817.9,829.6,909.7,918.4,879.9,845.3,827.6,746.9
Thailand,Coffee,Total,Total Packaging,Retail/off-trade Unit Volume,million units,533.5,556.0,586.5,611.2,628.1,673.3,634.9,655.9,679.4,699.9,729.0
USA,Coffee,Total,Total Packaging,Retail/off-trade Unit Volume,million units,2712.2,2768.1,2755.1,2828.2,2900.0,3171.7,3076.8,2867.1,2917.6,2961.0,3004.2
World,Coffee,Total,Total Packaging,Retail/off-trade Unit Volume,million units,46452.7,48913.1,51458.0,53269.2,54845.3,55990.7,57177.8,56688.0,58327.7,59086.8,59562.7
USA,Coffee,Total,Flexible Packaging,Retail/off-trade Unit Volume,million units,1280.1,1279.4,1267.1,1272.9,1281.8,1401.8,1330.4,1202.9,1215.0,1235.1,1287.2
Thailand,Coffee,Total,Flexible Packaging,Retail/off-trade Unit Volume,million units,411.7,430.5,453.7,473.4,485.1,520.2,485.5,500.7,515.0,530.3,551.7
World,Coffee,Total,Flexible Packaging,Retail/off-trade Unit Volume,million units,35656.3,37664.4,39811.3,41151.8,42328.7,42594.9,43596.1,43378.1,44898.5,45436.3,45814.3
Japan,Coffee,Total,Flexible Packaging,Retail/off-trade Unit Volume,million units,480.7,492.0,489.3,486.5,501.3,547.5,559.0,527.6,502.9,487.2,429.2
India,Coffee,Total,Flexible Packaging,Retail/off-trade Unit Volume,million units,815.5,869.0,920.7,974.5,1025.6,1086.5,1167.9,1230.6,1309.9,1344.7,1432.8
United Kingdom,Coffee,Total,Flexible Packaging,Retail/off-trade Unit Volume,million units,131.8,137.7,141.6,147.8,154.8,166.0,177.4,161.8,158.2,158.8,159.5
France,Coffee,Total,Flexible Packaging,Retail/off-trade Unit Volume,million units,625.7,616.7,622.1,626.3,639.2,673.9,669.9,627.3,613.8,606.2,602.1
China,Coffee,Total,Flexible Packaging,Retail/off-trade Unit Volume,million units,137.9,128.6,125.1,124.4,123.3,124.9,126.5,129.4,128.4,121.6,116.6
Germany,Coffee,Total,Flexible Packaging,Retail/off-trade Unit Volume,million units,1482.4,1476.9,1458.1,1438.9,1407.4,1474.2,1464.9,1439.3,1398.3,1342.8,1306.5
Brazil,Coffee,Total,Flexible Packaging,Retail/off-trade Unit Volume,million units,2097.1,2144.9,2208.1,2279.8,2355.9,2405.0,2432.6,2403.2,2463.7,2478.9,2487.6
Australia,Coffee,Total,Flexible Packaging,Retail/off-trade Unit Volume,million units,21.7,22.0,22.5,23.1,23.0,25.9,27.6,29.3,30.8,31.0,32.1
Middle East and Africa,Coffee,Total,Flexible Packaging,Retail/off-trade Unit Volume,million units,359.0,397.1,426.7,444.3,472.4,506.7,530.4,558.1,594.3,633.6,675.5
Australasia,Coffee,Total,Flexible Packaging,Retail/off-trade Unit Volume,million units,26.2,26.7,27.6,28.5,28.6,32.1,34.2,36.4,37.7,37.9,39.0
Asia Pacific,Coffee,Total,Flexible Packaging,Retail/off-trade Unit Volume,million units,21810.9,23579.6,25185.7,26379.8,27361.6,27069.9,27745.4,28037.7,29260.4,29861.9,30162.5
North America,Coffee,Total,Flexible Packaging,Retail/off-trade Unit Volume,million units,1346.3,1349.8,1336.8,1340.1,1349.3,1481.7,1406.7,1280.5,1293.5,1314.3,1363.5
Latin America,Coffee,Total,Flexible Packaging,Retail/off-trade Unit Volume,million units,2679.7,2755.7,2869.2,2958.8,3062.0,3151.4,3276.2,3259.7,3337.8,3385.5,3408.6
Eastern Europe,Coffee,Total,Flexible Packaging,Retail/off-trade Unit Volume,million units,3743.0,3716.8,3721.5,3666.0,3733.4,3638.9,3689.0,3412.6,3646.2,3501.2,3504.4
Western Europe,Coffee,Total,Flexible Packaging,Retail/off-trade Unit Volume,million units,5691.1,5838.6,6243.7,6334.3,6321.3,6714.2,6914.2,6793.2,6728.6,6701.9,6660.7
Western Europe,Coffee,Total,Flexible Aluminium/Paper,Retail/off-trade Unit Volume,million units,158.4,161.0,164.5,169.2,174.2,192.2,204.3,225.0,253.8,283.6,310.6
Eastern Europe,Coffee,Total,Flexible Aluminium/Paper,Retail/off-trade Unit Volume,million units,115.2,113.4,115.6,118.3,118.5,118.8,118.1,115.1,113.2,113.3,113.3
Latin America,Coffee,Total,Flexible Aluminium/Paper,Retail/off-trade Unit Volume,million units,0.0,0.0,0.0,0.0,0.0,0.0,0.1,0.1,0.1,0.1,0.1
North America,Coffee,Total,Flexible Aluminium/Paper,Retail/off-trade Unit Volume,million units,407.9,407.8,403.2,409.5,415.9,456.2,435.3,396.9,400.1,389.2,392.0
Asia Pacific,Coffee,Total,Flexible Aluminium/Paper,Retail/off-trade Unit Volume,million units,2.2,2.3,2.4,2.4,2.3,2.1,2.3,2.4,2.7,3.3,3.5
Australasia,Coffee,Total,Flexible Aluminium/Paper,Retail/off-trade Unit Volume,million units,3.9,4.0,4.2,4.3,4.3,4.4,4.6,4.9,5.1,5.3,5.3
Middle East and Africa,Coffee,Total,Flexible Aluminium/Paper,Retail/off-trade Unit Volume,million units,0.9,1.0,1.0,1.1,1.1,1.2,1.2,1.2,1.3,1.3,1.5
Australia,Coffee,Total,Flexible Aluminium/Paper,Retail/off-trade Unit Volume,million units,3.1,3.1,3.3,3.3,3.3,3.4,3.6,3.8,4.0,4.3,4.4
China,Coffee,Total,Flexible Aluminium/Paper,Retail/off-trade Unit Volume,million units,0.0,0.0,0.0,0.0,0.0,0.0,0.0,0.0,0.0,0.0,0.0
Germany,Coffee,Total,Flexible Aluminium/Paper,Retail/off-trade Unit Volume,million units,59.5,61.8,63.0,64.1,64.1,67.2,63.9,64.3,63.4,64.1,62.6
France,Coffee,Total,Flexible Aluminium/Paper,Retail/off-trade Unit Volume,million units,7.2,7.4,7.7,7.7,7.8,8.3,9.0,8.8,9.5,10.1,10.6
World,Coffee,Total,Flexible Aluminium/Paper,Retail/off-trade Unit Volume,million units,688.5,689.5,691.0,704.8,716.3,775.1,766.0,745.6,776.3,796.1,826.5
USA,Coffee,Total,Flexible Aluminium/Paper,Retail/off-trade Unit Volume,million units,390.4,389.4,383.8,389.2,394.5,430.6,411.0,371.8,374.5,363.5,366.7
USA,Coffee,Total,Flexible Aluminium/Plastic,Retail/off-trade Unit Volume,million units,575.6,581.2,575.3,581.5,589.1,645.1,609.6,549.7,546.2,529.3,508.9
Thailand,Coffee,Total,Flexible Aluminium/Plastic,Retail/off-trade Unit Volume,million units,238.4,249.6,263.5,275.6,283.0,303.7,287.0,297.1,310.7,321.2,337.8
World,Coffee,Total,Flexible Aluminium/Plastic,Retail/off-trade Unit Volume,million units,24593.4,25887.1,27201.8,28078.9,28995.8,28819.2,29355.7,29270.8,30439.9,30878.2,31197.0
France,Coffee,Total,Flexible Aluminium/Plastic,Retail/off-trade Unit Volume,million units,202.9,189.3,181.0,173.0,167.1,166.6,169.7,155.5,144.7,135.2,132.5
Germany,Coffee,Total,Flexible Aluminium/Plastic,Retail/off-trade Unit Volume,million units,527.9,515.6,496.6,476.5,454.7,460.6,452.6,439.7,428.8,420.1,417.9
India,Coffee,Total,Flexible Aluminium/Plastic,Retail/off-trade Unit Volume,million units,815.5,869.0,920.7,974.5,1025.6,1086.5,1167.9,1230.6,1309.9,1344.7,1432.8
Japan,Coffee,Total,Flexible Aluminium/Plastic,Retail/off-trade Unit Volume,million units,314.8,324.2,321.5,321.3,334.9,363.1,387.4,368.2,357.7,344.9,312.0
United Kingdom,Coffee,Total,Flexible Aluminium/Plastic,Retail/off-trade Unit Volume,million units,50.2,53.7,56.8,61.1,65.3,68.2,74.1,67.9,67.2,67.7,67.9
China,Coffee,Total,Flexible Aluminium/Plastic,Retail/off-trade Unit Volume,million units,137.9,128.6,125.1,124.4,123.3,124.9,126.5,129.4,128.4,121.6,116.6
Brazil,Coffee,Total,Flexible Aluminium/Plastic,Retail/off-trade Unit Volume,million units,1903.6,1947.9,2006.0,2072.2,2143.9,2186.8,2204.1,2172.7,2221.9,2229.5,2230.9
Middle East and Africa,Coffee,Total,Flexible Aluminium/Plastic,Retail/off-trade Unit Volume,million units,192.8,214.0,233.3,242.2,259.6,280.6,301.9,319.8,344.6,371.1,400.3
Australia,Coffee,Total,Flexible Aluminium/Plastic,Retail/off-trade Unit Volume,million units,12.6,12.5,12.5,12.5,12.2,12.2,12.4,12.6,12.8,11.8,11.3
Australasia,Coffee,Total,Flexible Aluminium/Plastic,Retail/off-trade Unit Volume,million units,14.9,15.0,15.2,15.4,15.3,15.6,15.9,16.3,16.2,15.0,14.4
Asia Pacific,Coffee,Total,Flexible Aluminium/Plastic,Retail/off-trade Unit Volume,million units,16691.5,17995.1,19272.6,20177.6,20923.8,20614.6,21027.1,21306.0,22213.0,22742.1,23043.3
Latin America,Coffee,Total,Flexible Aluminium/Plastic,Retail/off-trade Unit Volume,million units,2344.1,2416.0,2524.4,2606.3,2704.8,2777.8,2873.8,2854.5,2914.9,2965.2,2982.4
North America,Coffee,Total,Flexible Aluminium/Plastic,Retail/off-trade Unit Volume,million units,620.0,628.3,620.5,623.1,629.6,692.7,655.1,595.0,591.9,575.0,551.5
Eastern Europe,Coffee,Total,Flexible Aluminium/Plastic,Retail/off-trade Unit Volume,million units,2914.8,2845.7,2812.1,2717.2,2784.0,2694.1,2736.2,2504.1,2712.1,2592.4,2599.5
Western Europe,Coffee,Total,Flexible Aluminium/Plastic,Retail/off-trade Unit Volume,million units,1815.3,1772.9,1723.6,1697.1,1678.6,1743.8,1745.7,1675.1,1647.2,1617.5,1605.6
Western Europe,Coffee,Total,Flexible Paper,Retail/off-trade Unit Volume,million units,520.0,513.0,497.3,486.8,472.4,492.4,493.5,483.6,471.6,450.0,440.5
Eastern Europe,Coffee,Total,Flexible Paper,Retail/off-trade Unit Volume,million units,94.6,90.3,88.5,87.1,86.1,86.3,85.1,77.5,71.2,65.9,62.6
Latin America,Coffee,Total,Flexible Paper,Retail/off-trade Unit Volume,million units,1.5,1.5,1.6,1.6,1.6,1.7,1.6,1.4,1.5,1.4,1.4
Asia Pacific,Coffee,Total,Flexible Paper,Retail/off-trade Unit Volume,million units,2.2,2.8,3.3,3.9,4.3,4.7,4.7,4.2,5.8,6.7,7.2
Australasia,Coffee,Total,Flexible Paper,Retail/off-trade Unit Volume,million units,0.0,0.0,0.0,0.0,0.0,0.0,0.0,0.0,0.0,0.0,0.0
Middle East and Africa,Coffee,Total,Flexible Paper,Retail/off-trade Unit Volume,million units,2.0,2.1,2.1,2.2,2.3,2.9,2.8,2.8,2.8,2.9,3.0
United Kingdom,Coffee,Total,Flexible Paper,Retail/off-trade Unit Volume,million units,6.5,6.6,6.6,6.7,6.9,7.5,7.7,6.9,7.0,6.8,6.8
Germany,Coffee,Total,Flexible Paper,Retail/off-trade Unit Volume,million units,470.0,463.9,448.6,437.7,423.1,441.4,436.0,424.8,415.5,393.2,383.4
World,Coffee,Total,Flexible Paper,Retail/off-trade Unit Volume,million units,620.2,609.7,592.9,581.6,566.8,588.1,587.8,569.6,552.9,527.0,514.7
World,Coffee,Total,Flexible Paper/Plastic,Retail/off-trade Unit Volume,million units,54.6,118.4,119.7,118.1,117.4,120.2,118.5,108.9,105.8,99.4,90.0
Western Europe,Coffee,Total,Flexible Paper/Plastic,Retail/off-trade Unit Volume,million units,54.6,118.4,119.7,118.1,117.4,120.2,118.5,108.9,105.8,99.4,90.0
Western Europe,Coffee,Total,Flexible Plastic,Retail/off-trade Unit Volume,million units,3044.7,3173.1,3631.7,3750.0,3765.0,4041.8,4222.4,4167.0,4103.7,4102.9,4061.4
Eastern Europe,Coffee,Total,Flexible Plastic,Retail/off-trade Unit Volume,million units,189.4,178.8,205.2,222.9,226.5,218.5,211.8,204.1,197.5,201.8,195.6
Australasia,Coffee,Total,Flexible Plastic,Retail/off-trade Unit Volume,million units,7.3,7.7,8.1,8.8,9.1,12.1,13.7,15.2,16.4,17.6,19.2
Asia Pacific,Coffee,Total,Flexible Plastic,Retail/off-trade Unit Volume,million units,4735.8,5158.9,5460.6,5716.9,5926.5,5979.5,6226.2,6240.2,6529.8,6598.1,6594.0
Latin America,Coffee,Total,Flexible Plastic,Retail/off-trade Unit Volume,million units,73.1,71.6,70.7,71.4,74.5,82.9,88.8,90.7,91.0,83.1,82.0
North America,Coffee,Total,Flexible Plastic,Retail/off-trade Unit Volume,million units,167.8,159.3,151.2,145.4,142.7,143.3,132.6,113.7,96.8,109.8,138.0
United Kingdom,Coffee,Total,Flexible Plastic,Retail/off-trade Unit Volume,million units,61.5,63.6,64.8,66.8,69.9,76.7,81.5,73.8,71.0,70.3,69.7
Japan,Coffee,Total,Flexible Plastic,Retail/off-trade Unit Volume,million units,165.9,167.7,167.8,165.2,166.4,184.4,171.6,159.4,145.2,142.3,117.2
Germany,Coffee,Total,Flexible Plastic,Retail/off-trade Unit Volume,million units,424.3,434.8,449.0,459.7,464.5,504.0,511.3,509.3,489.4,464.1,441.1
France,Coffee,Total,Flexible Plastic,Retail/off-trade Unit Volume,million units,393.6,396.6,407.8,418.4,437.6,468.9,459.6,431.9,422.2,426.7,427.2
Middle East and Africa,Coffee,Total,Flexible Plastic,Retail/off-trade Unit Volume,million units,77.8,85.9,92.4,98.7,105.3,108.3,108.6,111.9,116.0,120.9,122.8
Australia,Coffee,Total,Flexible Plastic,Retail/off-trade Unit Volume,million units,6.1,6.3,6.8,7.3,7.5,10.3,11.6,12.9,14.0,15.0,16.4
Brazil,Coffee,Total,Flexible Plastic,Retail/off-trade Unit Volume,million units,2.6,2.6,2.6,2.6,2.2,2.2,2.2,2.0,2.4,2.4,2.4
World,Coffee,Total,Flexible Plastic,Retail/off-trade Unit Volume,million units,8295.9,8835.2,9619.9,10014.1,10249.6,10586.5,11004.1,10942.8,11151.2,11234.1,11212.9
Thailand,Coffee,Total,Flexible Plastic,Retail/off-trade Unit Volume,million units,137.2,143.4,150.6,156.6,158.7,170.0,152.7,155.4,151.9,155.2,157.4
USA,Coffee,Total,Flexible Plastic,Retail/off-trade Unit Volume,million units,163.5,154.4,146.1,140.1,137.2,136.7,126.1,106.5,89.5,101.9,129.6
USA,Coffee,Total,Stand-Up Pouches,Retail/off-trade Unit Volume,million units,150.6,154.4,161.9,162.1,161.0,189.4,183.6,174.9,204.7,240.3,282.0
Thailand,Coffee,Total,Stand-Up Pouches,Retail/off-trade Unit Volume,million units,36.1,37.5,39.6,41.2,43.4,46.5,45.9,48.1,52.4,53.9,56.4
World,Coffee,Total,Stand-Up Pouches,Retail/off-trade Unit Volume,million units,1403.6,1524.4,1586.0,1654.5,1682.7,1705.8,1764.0,1740.3,1872.3,1901.6,1973.2
Germany,Coffee,Total,Stand-Up Pouches,Retail/off-trade Unit Volume,million units,0.7,0.8,0.8,0.9,0.9,1.0,1.0,1.1,1.2,1.3,1.5
Brazil,Coffee,Total,Stand-Up Pouches,Retail/off-trade Unit Volume,million units,190.9,194.4,199.5,205.1,209.8,216.1,226.2,228.5,239.4,247.0,254.3
Middle East and Africa,Coffee,Total,Stand-Up Pouches,Retail/off-trade Unit Volume,million units,85.5,94.2,97.9,100.1,104.2,113.6,115.8,122.3,129.5,137.4,148.0
United Kingdom,Coffee,Total,Stand-Up Pouches,Retail/off-trade Unit Volume,million units,13.6,13.8,13.4,13.2,12.7,13.6,14.1,13.3,12.9,13.9,15.0
France,Coffee,Total,Stand-Up Pouches,Retail/off-trade Unit Volume,million units,22.0,23.5,25.6,27.2,26.8,30.0,31.6,31.1,37.3,34.3,31.8
North America,Coffee,Total,Stand-Up Pouches,Retail/off-trade Unit Volume,million units,150.6,154.4,161.9,162.1,161.0,189.4,183.6,174.9,204.7,240.3,282.0
Latin America,Coffee,Total,Stand-Up Pouches,Retail/off-trade Unit Volume,million units,261.0,266.6,272.5,279.5,281.0,288.9,311.9,312.9,330.4,335.8,342.7
Asia Pacific,Coffee,Total,Stand-Up Pouches,Retail/off-trade Unit Volume,million units,379.3,420.5,446.7,479.1,504.6,469.0,485.1,484.8,509.0,511.8,514.6
Eastern Europe,Coffee,Total,Stand-Up Pouches,Retail/off-trade Unit Volume,million units,429.0,488.5,500.1,520.6,518.3,521.1,537.7,511.7,552.2,527.7,533.4
Western Europe,Coffee,Total,Stand-Up Pouches,Retail/off-trade Unit Volume,million units,98.1,100.2,106.9,113.2,113.7,123.8,129.7,133.6,146.5,148.6,152.6
Western Europe,Coffee,Total,Aluminium /Plastic Pouches,Retail/off-trade Unit Volume,million units,61.3,61.9,67.2,72.3,73.8,79.7,83.9,88.7,93.9,98.5,103.5
Eastern Europe,Coffee,Total,Aluminium /Plastic Pouches,Retail/off-trade Unit Volume,million units,379.0,433.5,443.5,465.3,466.1,469.3,487.9,467.2,504.4,482.0,485.2
Asia Pacific,Coffee,Total,Aluminium /Plastic Pouches,Retail/off-trade Unit Volume,million units,340.1,381.1,409.5,441.6,467.7,431.8,449.1,446.3,467.6,471.7,476.1
Latin America,Coffee,Total,Aluminium /Plastic Pouches,Retail/off-trade Unit Volume,million units,206.2,210.1,215.8,222.5,227.9,234.7,245.4,247.6,258.4,266.6,273.8
North America,Coffee,Total,Aluminium /Plastic Pouches,Retail/off-trade Unit Volume,million units,4.0,3.9,3.6,3.5,3.6,3.6,3.4,3.0,2.8,2.8,2.3
France,Coffee,Total,Aluminium /Plastic Pouches,Retail/off-trade Unit Volume,million units,1.4,1.6,1.8,1.8,1.8,2.0,2.1,2.3,2.4,3.1,3.4
United Kingdom,Coffee,Total,Aluminium /Plastic Pouches,Retail/off-trade Unit Volume,million units,0.6,0.7,0.7,0.7,0.8,0.8,0.9,0.9,0.9,0.9,0.8
Middle East and Africa,Coffee,Total,Aluminium /Plastic Pouches,Retail/off-trade Unit Volume,million units,19.9,22.6,25.8,28.1,30.7,34.5,37.2,40.8,44.5,48.2,53.0
Brazil,Coffee,Total,Aluminium /Plastic Pouches,Retail/off-trade Unit Volume,million units,190.9,194.4,199.5,205.1,209.8,216.1,226.2,228.5,239.4,247.0,254.3
Germany,Coffee,Total,Aluminium /Plastic Pouches,Retail/off-trade Unit Volume,million units,0.7,0.8,0.8,0.9,0.9,1.0,1.0,1.1,1.2,1.3,1.5
World,Coffee,Total,Aluminium /Plastic Pouches,Retail/off-trade Unit Volume,million units,1010.4,1113.0,1165.4,1233.3,1269.7,1253.6,1306.9,1293.5,1371.6,1369.8,1394.0
Thailand,Coffee,Total,Aluminium /Plastic Pouches,Retail/off-trade Unit Volume,million units,36.1,37.5,39.6,41.2,43.4,46.5,45.9,48.1,52.4,53.9,56.4
USA,Coffee,Total,Aluminium /Plastic Pouches,Retail/off-trade Unit Volume,million units,4.0,3.9,3.6,3.5,3.6,3.6,3.4,3.0,2.8,2.8,2.3
USA,Coffee,Total,Plastic Pouches,Retail/off-trade Unit Volume,million units,146.6,150.6,158.2,158.5,157.4,185.8,180.2,172.0,201.9,237.5,279.6
World,Coffee,Total,Plastic Pouches,Retail/off-trade Unit Volume,million units,393.2,411.3,420.6,421.2,413.0,452.2,457.1,446.8,500.8,531.8,579.2
Middle East and Africa,Coffee,Total,Plastic Pouches,Retail/off-trade Unit Volume,million units,65.6,71.6,72.0,72.0,73.5,79.1,78.6,81.6,85.0,89.2,95.0
United Kingdom,Coffee,Total,Plastic Pouches,Retail/off-trade Unit Volume,million units,13.0,13.1,12.7,12.4,11.9,12.8,13.2,12.4,12.0,13.1,14.2
France,Coffee,Total,Plastic Pouches,Retail/off-trade Unit Volume,million units,20.7,21.9,23.8,25.4,25.0,28.1,29.4,28.9,34.9,31.2,28.4
North America,Coffee,Total,Plastic Pouches,Retail/off-trade Unit Volume,million units,146.6,150.6,158.2,158.5,157.4,185.8,180.2,172.0,201.9,237.5,279.6
Latin America,Coffee,Total,Plastic Pouches,Retail/off-trade Unit Volume,million units,54.8,56.5,56.7,57.0,53.2,54.2,66.6,65.3,72.0,69.2,68.9
Asia Pacific,Coffee,Total,Plastic Pouches,Retail/off-trade Unit Volume,million units,39.2,39.4,37.3,37.5,36.8,37.2,36.0,38.5,41.4,40.1,38.5
Eastern Europe,Coffee,Total,Plastic Pouches,Retail/off-trade Unit Volume,million units,50.1,55.1,56.6,55.3,52.2,51.8,49.8,44.5,47.8,45.7,48.2
Western Europe,Coffee,Total,Plastic Pouches,Retail/off-trade Unit Volume,million units,36.9,38.2,39.8,40.9,39.9,44.1,45.8,44.9,52.6,50.1,49.1
Eastern Europe,Coffee,Total,Glass,Retail/off-trade Unit Volume,million units,539.9,527.7,509.4,495.2,502.8,482.9,465.2,448.5,415.0,448.7,426.2
Western Europe,Coffee,Total,Glass,Retail/off-trade Unit Volume,million units,670.5,650.3,622.2,594.4,568.6,589.9,574.9,542.5,516.6,517.8,499.9
Asia Pacific,Coffee,Total,Glass,Retail/off-trade Unit Volume,million units,970.5,998.7,1021.6,1053.1,1076.3,1120.5,1162.1,1190.8,1229.7,1245.5,1277.4
Australasia,Coffee,Total,Glass,Retail/off-trade Unit Volume,million units,190.7,189.2,183.6,179.0,172.3,172.1,175.8,177.4,177.9,175.8,176.5
Latin America,Coffee,Total,Glass,Retail/off-trade Unit Volume,million units,572.0,574.6,580.8,581.7,590.4,604.1,625.3,617.7,618.7,610.6,614.7
North America,Coffee,Total,Glass,Retail/off-trade Unit Volume,million units,43.9,43.6,42.8,43.0,43.7,49.3,46.4,46.4,45.8,46.6,47.3
France,Coffee,Total,Glass,Retail/off-trade Unit Volume,million units,72.6,70.9,68.7,67.9,67.8,67.6,65.9,62.2,60.2,58.8,54.6
United Kingdom,Coffee,Total,Glass,Retail/off-trade Unit Volume,million units,315.2,300.4,278.6,259.2,234.0,243.6,239.6,217.4,200.9,206.0,196.3
India,Coffee,Total,Glass,Retail/off-trade Unit Volume,million units,296.9,313.4,333.4,363.0,390.0,428.1,458.3,486.8,521.5,565.0,602.7
Japan,Coffee,Total,Glass,Retail/off-trade Unit Volume,million units,91.9,88.5,83.0,76.4,71.4,73.0,78.0,71.6,69.0,64.0,62.4
Middle East and Africa,Coffee,Total,Glass,Retail/off-trade Unit Volume,million units,179.1,189.9,190.1,190.9,193.2,196.5,191.6,192.5,193.3,195.2,196.0
Australia,Coffee,Total,Glass,Retail/off-trade Unit Volume,million units,170.7,168.1,161.7,156.7,149.6,147.1,148.6,149.8,149.9,147.7,148.4
Germany,Coffee,Total,Glass,Retail/off-trade Unit Volume,million units,77.2,77.4,78.0,78.1,78.9,82.0,81.4,79.3,78.7,76.2,73.4
Brazil,Coffee,Total,Glass,Retail/off-trade Unit Volume,million units,117.8,115.5,114.6,114.3,116.1,117.5,116.9,117.8,118.1,115.6,118.6
China,Coffee,Total,Glass,Retail/off-trade Unit Volume,million units,49.3,49.8,50.9,51.6,51.7,52.8,53.8,52.2,47.5,45.0,42.0
World,Coffee,Total,Glass,Retail/off-trade Unit Volume,million units,3166.6,3174.0,3150.6,3137.4,3147.3,3215.3,3241.4,3215.9,3197.0,3240.2,3238.0
Thailand,Coffee,Total,Glass,Retail/off-trade Unit Volume,million units,104.2,107.6,112.9,116.4,120.3,128.8,124.4,129.3,137.3,140.5,144.8
USA,Coffee,Total,Glass,Retail/off-trade Unit Volume,million units,15.5,14.1,12.4,11.4,11.2,11.0,10.5,10.1,8.7,9.1,9.2
USA,Coffee,Total,Glass Jars,Retail/off-trade Unit Volume,million units,15.5,14.1,12.4,11.4,11.2,11.0,10.5,10.1,8.7,9.1,9.2
Thailand,Coffee,Total,Glass Jars,Retail/off-trade Unit Volume,million units,104.2,107.6,112.9,116.4,120.3,128.8,124.4,129.3,137.3,140.5,144.8
World,Coffee,Total,Glass Jars,Retail/off-trade Unit Volume,million units,3166.6,3174.0,3150.6,3137.4,3147.3,3215.3,3241.4,3215.9,3197.0,3240.2,3238.0
China,Coffee,Total,Glass Jars,Retail/off-trade Unit Volume,million units,49.3,49.8,50.9,51.6,51.7,52.8,53.8,52.2,47.5,45.0,42.0
Brazil,Coffee,Total,Glass Jars,Retail/off-trade Unit Volume,million units,117.8,115.5,114.6,114.3,116.1,117.5,116.9,117.8,118.1,115.6,118.6
Germany,Coffee,Total,Glass Jars,Retail/off-trade Unit Volume,million units,77.2,77.4,78.0,78.1,78.9,82.0,81.4,79.3,78.7,76.2,73.4
Australia,Coffee,Total,Glass Jars,Retail/off-trade Unit Volume,million units,170.7,168.1,161.7,156.7,149.6,147.1,148.6,149.8,149.9,147.7,148.4
Middle East and Africa,Coffee,Total,Glass Jars,Retail/off-trade Unit Volume,million units,179.1,189.9,190.1,190.9,193.2,196.5,191.6,192.5,193.3,195.2,196.0
Japan,Coffee,Total,Glass Jars,Retail/off-trade Unit Volume,million units,91.9,88.5,83.0,76.4,71.4,73.0,78.0,71.6,69.0,64.0,62.4
India,Coffee,Total,Glass Jars,Retail/off-trade Unit Volume,million units,296.9,313.4,333.4,363.0,390.0,428.1,458.3,486.8,521.5,565.0,602.7
United Kingdom,Coffee,Total,Glass Jars,Retail/off-trade Unit Volume,million units,315.2,300.4,278.6,259.2,234.0,243.6,239.6,217.4,200.9,206.0,196.3
France,Coffee,Total,Glass Jars,Retail/off-trade Unit Volume,million units,72.6,70.9,68.7,67.9,67.8,67.6,65.9,62.2,60.2,58.8,54.6
North America,Coffee,Total,Glass Jars,Retail/off-trade Unit Volume,million units,43.9,43.6,42.8,43.0,43.7,49.3,46.4,46.4,45.8,46.6,47.3
Latin America,Coffee,Total,Glass Jars,Retail/off-trade Unit Volume,million units,572.0,574.6,580.8,581.7,590.4,604.1,625.3,617.7,618.7,610.6,614.7
Australasia,Coffee,Total,Glass Jars,Retail/off-trade Unit Volume,million units,190.7,189.2,183.6,179.0,172.3,172.1,175.8,177.4,177.9,175.8,176.5
Asia Pacific,Coffee,Total,Glass Jars,Retail/off-trade Unit Volume,million units,970.5,998.7,1021.6,1053.1,1076.3,1120.5,1162.1,1190.8,1229.7,1245.5,1277.4
Western Europe,Coffee,Total,Glass Jars,Retail/off-trade Unit Volume,million units,670.5,650.3,622.2,594.4,568.6,589.9,574.9,542.5,516.6,517.8,499.9
Eastern Europe,Coffee,Total,Glass Jars,Retail/off-trade Unit Volume,million units,539.9,527.7,509.4,495.2,502.8,482.9,465.2,448.5,415.0,448.7,426.2
North America,Coffee,Total,Metal,Retail/off-trade Unit Volume,million units,172.4,175.5,178.3,184.2,189.4,210.9,204.3,202.2,219.5,216.3,217.9
Eastern Europe,Coffee,Total,Metal,Retail/off-trade Unit Volume,million units,409.4,402.7,403.0,400.6,414.9,407.1,399.7,381.7,359.5,392.3,373.4
Western Europe,Coffee,Total,Metal,Retail/off-trade Unit Volume,million units,867.0,922.1,986.3,1055.5,1113.5,1248.6,1253.0,1208.9,1227.5,1289.4,1338.5
Asia Pacific,Coffee,Total,Metal,Retail/off-trade Unit Volume,million units,155.4,175.8,196.2,214.6,223.1,246.8,269.7,276.6,285.3,284.8,277.3
Australasia,Coffee,Total,Metal,Retail/off-trade Unit Volume,million units,21.8,23.1,23.8,23.9,25.5,27.7,29.4,29.7,27.7,26.5,25.7
Latin America,Coffee,Total,Metal,Retail/off-trade Unit Volume,million units,179.2,204.8,225.2,242.6,257.9,275.8,290.0,294.2,301.0,303.7,314.0
France,Coffee,Total,Metal,Retail/off-trade Unit Volume,million units,179.9,190.6,208.8,220.8,237.5,260.6,226.8,214.9,222.3,239.1,255.8
United Kingdom,Coffee,Total,Metal,Retail/off-trade Unit Volume,million units,77.4,83.5,91.6,99.6,103.6,114.8,117.9,111.0,114.3,117.7,121.4
Japan,Coffee,Total,Metal,Retail/off-trade Unit Volume,million units,27.1,26.4,25.5,24.3,23.8,24.5,23.3,24.2,22.4,19.8,18.4
India,Coffee,Total,Metal,Retail/off-trade Unit Volume,million units,30.5,32.3,35.7,38.1,41.3,44.7,48.1,51.5,54.4,60.6,65.2
Thailand,Coffee,Total,Metal,Retail/off-trade Unit Volume,million units,4.5,4.7,4.7,4.9,5.4,5.7,6.7,6.9,7.1,7.2,7.6
Middle East and Africa,Coffee,Total,Metal,Retail/off-trade Unit Volume,million units,37.3,40.2,43.0,46.3,49.7,53.9,54.2,55.8,58.1,61.6,65.8
Australia,Coffee,Total,Metal,Retail/off-trade Unit Volume,million units,19.3,19.6,19.9,19.7,21.0,22.6,23.4,23.3,21.1,20.1,19.3
Brazil,Coffee,Total,Metal,Retail/off-trade Unit Volume,million units,101.6,120.7,136.9,151.3,166.8,179.3,188.6,186.8,191.3,195.6,202.6
Germany,Coffee,Total,Metal,Retail/off-trade Unit Volume,million units,110.3,113.7,117.0,122.5,125.8,139.6,145.9,140.9,142.6,141.2,139.8
China,Coffee,Total,Metal,Retail/off-trade Unit Volume,million units,4.4,4.9,5.7,6.6,7.4,9.0,10.8,12.1,10.5,10.2,9.6
USA,Coffee,Total,Metal,Retail/off-trade Unit Volume,million units,119.6,123.2,125.8,131.6,136.5,152.3,149.1,146.7,162.7,163.0,166.4
World,Coffee,Total,Metal,Retail/off-trade Unit Volume,million units,1842.5,1944.3,2055.8,2167.6,2274.0,2470.8,2500.4,2449.1,2478.6,2574.6,2612.6
World,Coffee,Total,Aluminium Trays,Retail/off-trade Unit Volume,million units,0.4,0.5,0.6,0.8,1.0,1.4,1.5,1.8,3.0,4.6,7.1
Western Europe,Coffee,Total,Aluminium Trays,Retail/off-trade Unit Volume,million units,0.4,0.5,0.6,0.8,1.0,1.4,1.5,1.8,3.0,4.6,7.1
Western Europe,Coffee,Total,Metal Tins,Retail/off-trade Unit Volume,million units,322.0,322.3,318.9,319.5,320.2,341.3,344.3,334.9,344.7,352.9,368.5
Eastern Europe,Coffee,Total,Metal Tins,Retail/off-trade Unit Volume,million units,385.7,378.6,376.9,372.7,383.2,367.3,353.8,340.5,320.8,352.3,332.4
North America,Coffee,Total,Metal Tins,Retail/off-trade Unit Volume,million units,128.1,122.9,124.5,125.0,124.9,137.4,127.8,126.8,139.2,132.5,133.4
Latin America,Coffee,Total,Metal Tins,Retail/off-trade Unit Volume,million units,78.9,80.7,81.5,83.2,84.9,87.6,84.0,83.6,85.0,87.7,88.6
Australasia,Coffee,Total,Metal Tins,Retail/off-trade Unit Volume,million units,12.5,12.1,11.2,10.0,9.7,10.0,10.1,10.0,9.1,9.1,9.7
Asia Pacific,Coffee,Total,Metal Tins,Retail/off-trade Unit Volume,million units,131.2,145.7,158.5,171.6,172.8,175.7,179.0,176.1,185.7,189.2,185.2
World,Coffee,Total,Metal Tins,Retail/off-trade Unit Volume,million units,1084.1,1089.7,1100.4,1112.8,1129.0,1151.9,1132.0,1105.1,1118.0,1159.2,1154.7
USA,Coffee,Total,Metal Tins,Retail/off-trade Unit Volume,million units,75.3,70.6,72.0,72.5,72.0,78.8,72.6,71.3,82.3,79.3,81.9
China,Coffee,Total,Metal Tins,Retail/off-trade Unit Volume,million units,3.7,3.8,4.0,4.3,4.5,4.9,5.4,5.9,5.9,5.7,5.5
Germany,Coffee,Total,Metal Tins,Retail/off-trade Unit Volume,million units,58.0,58.6,59.4,61.8,63.2,68.8,71.0,72.3,76.1,77.0,81.5
Brazil,Coffee,Total,Metal Tins,Retail/off-trade Unit Volume,million units,15.0,15.0,15.0,15.0,15.3,15.5,15.7,15.2,15.8,16.6,17.0
Australia,Coffee,Total,Metal Tins,Retail/off-trade Unit Volume,million units,12.0,11.6,10.8,9.6,9.3,9.5,9.5,9.5,8.6,8.5,9.1
Middle East and Africa,Coffee,Total,Metal Tins,Retail/off-trade Unit Volume,million units,25.7,27.4,28.9,30.8,33.3,32.6,32.9,33.2,33.6,35.3,36.8
Thailand,Coffee,Total,Metal Tins,Retail/off-trade Unit Volume,million units,4.5,4.7,4.7,4.9,5.4,5.7,6.7,6.9,7.1,7.2,7.6
India,Coffee,Total,Metal Tins,Retail/off-trade Unit Volume,million units,30.5,32.3,35.7,38.1,41.3,44.7,48.1,51.5,54.4,60.6,65.2
Japan,Coffee,Total,Metal Tins,Retail/off-trade Unit Volume,million units,14.6,13.4,12.1,10.4,9.6,9.2,8.9,9.3,9.4,8.3,7.6
United Kingdom,Coffee,Total,Metal Tins,Retail/off-trade Unit Volume,million units,20.9,21.9,22.4,23.0,23.6,26.4,27.9,29.5,36.0,40.3,47.5
France,Coffee,Total,Metal Tins,Retail/off-trade Unit Volume,million units,27.4,27.3,27.4,26.9,27.2,27.6,28.9,26.7,25.9,19.8,17.8
France,Coffee,Total,Other Metal,Retail/off-trade Unit Volume,million units,152.5,163.2,181.5,193.9,210.4,233.0,197.9,188.2,196.4,219.3,238.0
United Kingdom,Coffee,Total,Other Metal,Retail/off-trade Unit Volume,million units,56.5,61.6,69.3,76.6,79.9,88.5,90.1,81.5,78.3,77.4,73.9
Japan,Coffee,Total,Other Metal,Retail/off-trade Unit Volume,million units,12.6,13.0,13.4,13.9,14.2,15.3,14.4,14.8,12.9,11.6,10.8
Middle East and Africa,Coffee,Total,Other Metal,Retail/off-trade Unit Volume,million units,11.6,12.8,14.2,15.5,16.5,21.3,21.3,22.6,24.5,26.3,29.0
Australia,Coffee,Total,Other Metal,Retail/off-trade Unit Volume,million units,7.3,8.0,9.1,10.1,11.7,13.0,13.9,13.8,12.6,11.5,10.2
Brazil,Coffee,Total,Other Metal,Retail/off-trade Unit Volume,million units,86.6,105.7,121.9,136.3,151.5,163.8,172.9,171.6,175.5,179.0,185.6
Germany,Coffee,Total,Other Metal,Retail/off-trade Unit Volume,million units,52.3,55.1,57.6,60.7,62.6,70.9,74.9,68.6,66.5,64.2,58.3
China,Coffee,Total,Other Metal,Retail/off-trade Unit Volume,million units,0.7,1.0,1.6,2.3,2.9,4.2,5.4,6.2,4.6,4.6,4.1
USA,Coffee,Total,Other Metal,Retail/off-trade Unit Volume,million units,44.3,52.6,53.8,59.1,64.5,73.5,76.5,75.4,80.4,83.7,84.5
World,Coffee,Total,Other Metal,Retail/off-trade Unit Volume,million units,758.0,854.1,954.8,1054.0,1144.0,1317.4,1367.0,1342.2,1357.6,1410.9,1450.7
Asia Pacific,Coffee,Total,Other Metal,Retail/off-trade Unit Volume,million units,24.2,30.1,37.6,43.0,50.3,71.1,90.7,100.5,99.6,95.6,92.1
Australasia,Coffee,Total,Other Metal,Retail/off-trade Unit Volume,million units,9.3,11.1,12.6,13.8,15.7,17.7,19.4,19.7,18.5,17.4,15.9
Latin America,Coffee,Total,Other Metal,Retail/off-trade Unit Volume,million units,100.3,124.1,143.6,159.4,173.0,188.1,206.0,210.6,216.0,216.0,225.3
North America,Coffee,Total,Other Metal,Retail/off-trade Unit Volume,million units,44.3,52.6,53.8,59.1,64.5,73.5,76.5,75.4,80.4,83.7,84.5
Eastern Europe,Coffee,Total,Other Metal,Retail/off-trade Unit Volume,million units,23.7,24.1,26.2,27.9,31.6,39.8,45.9,41.2,38.7,39.9,41.0
Western Europe,Coffee,Total,Other Metal,Retail/off-trade Unit Volume,million units,544.6,599.3,666.8,735.2,792.3,905.9,907.2,872.2,879.8,931.9,962.9
Western Europe,Coffee,Total,Paper-based Containers,Retail/off-trade Unit Volume,million units,1466.9,1582.3,1709.9,1856.7,1986.1,2235.8,2272.3,2229.4,2285.7,2392.1,2493.2
Eastern Europe,Coffee,Total,Paper-based Containers,Retail/off-trade Unit Volume,million units,288.6,284.1,285.6,310.5,323.1,338.9,360.1,345.1,349.0,333.8,330.1
North America,Coffee,Total,Paper-based Containers,Retail/off-trade Unit Volume,million units,637.0,677.6,683.7,723.1,758.4,828.0,824.3,787.7,816.0,834.0,837.0
Latin America,Coffee,Total,Paper-based Containers,Retail/off-trade Unit Volume,million units,219.5,246.5,269.4,287.9,302.0,318.8,339.6,345.0,377.7,389.9,416.0
Australasia,Coffee,Total,Paper-based Containers,Retail/off-trade Unit Volume,million units,19.1,22.1,24.8,28.0,36.6,43.5,47.5,50.2,50.1,49.7,49.0
Asia Pacific,Coffee,Total,Paper-based Containers,Retail/off-trade Unit Volume,million units,1294.9,1362.3,1436.8,1459.8,1433.8,1448.9,1452.9,1435.1,1428.3,1403.8,1346.3
USA,Coffee,Total,Paper-based Containers,Retail/off-trade Unit Volume,million units,594.3,633.6,640.1,676.0,709.8,775.7,771.3,733.7,761.2,780.2,783.1
Thailand,Coffee,Total,Paper-based Containers,Retail/off-trade Unit Volume,million units,0.1,0.1,0.1,0.1,0.1,0.2,0.3,0.3,0.3,0.4,0.4
World,Coffee,Total,Paper-based Containers,Retail/off-trade Unit Volume,million units,3955.1,4209.0,4449.4,4710.0,4888.9,5273.7,5361.4,5261.6,5381.7,5484.1,5560.7
China,Coffee,Total,Paper-based Containers,Retail/off-trade Unit Volume,million units,139.1,130.2,127.6,128.1,127.9,131.4,134.7,138.7,134.7,127.5,121.7
Brazil,Coffee,Total,Paper-based Containers,Retail/off-trade Unit Volume,million units,195.7,216.8,235.1,250.9,266.6,278.9,288.5,286.3,313.9,331.2,351.8
Germany,Coffee,Total,Paper-based Containers,Retail/off-trade Unit Volume,million units,251.5,264.4,272.9,284.1,291.0,318.9,327.1,322.5,320.2,326.2,324.9
Australia,Coffee,Total,Paper-based Containers,Retail/off-trade Unit Volume,million units,16.2,18.1,20.4,23.3,31.6,37.7,41.0,43.1,43.0,42.7,42.2
Middle East and Africa,Coffee,Total,Paper-based Containers,Retail/off-trade Unit Volume,million units,29.1,34.2,39.1,44.0,48.9,59.7,64.6,69.2,74.8,80.8,89.2
India,Coffee,Total,Paper-based Containers,Retail/off-trade Unit Volume,million units,3.5,3.5,3.7,3.6,3.7,3.8,3.8,4.3,4.3,4.5,4.9
Japan,Coffee,Total,Paper-based Containers,Retail/off-trade Unit Volume,million units,200.4,219.0,228.4,230.7,233.0,264.6,258.2,256.5,251.0,256.5,237.0
United Kingdom,Coffee,Total,Paper-based Containers,Retail/off-trade Unit Volume,million units,73.2,80.8,90.9,103.2,109.2,121.8,123.9,113.0,109.7,109.8,108.1
France,Coffee,Total,Paper-based Containers,Retail/off-trade Unit Volume,million units,373.5,414.2,466.0,519.4,578.2,648.9,621.2,576.8,570.0,577.9,595.7
Japan,Coffee,Total,Board Tubs,Retail/off-trade Unit Volume,million units,5.3,5.3,5.3,5.3,5.4,6.0,5.9,5.1,4.7,4.5,3.7
China,Coffee,Total,Board Tubs,Retail/off-trade Unit Volume,million units,1.9,1.8,1.8,1.8,1.8,1.9,1.9,2.1,2.0,1.8,1.7
World,Coffee,Total,Board Tubs,Retail/off-trade Unit Volume,million units,7.2,7.1,7.2,7.2,7.3,8.0,7.9,7.2,6.7,6.3,5.4
Asia Pacific,Coffee,Total,Board Tubs,Retail/off-trade Unit Volume,million units,7.2,7.1,7.2,7.2,7.3,8.0,7.9,7.2,6.7,6.3,5.4
Asia Pacific,Coffee,Total,Composite Containers,Retail/off-trade Unit Volume,million units,24.9,27.3,29.9,32.4,35.6,42.8,45.5,42.8,45.3,48.1,48.2
Latin America,Coffee,Total,Composite Containers,Retail/off-trade Unit Volume,million units,32.5,32.5,32.5,32.8,32.4,32.1,32.0,30.9,30.5,30.5,34.2
North America,Coffee,Total,Composite Containers,Retail/off-trade Unit Volume,million units,94.9,93.5,92.8,94.4,95.6,105.0,96.9,82.8,86.6,82.2,78.4
Eastern Europe,Coffee,Total,Composite Containers,Retail/off-trade Unit Volume,million units,0.1,0.1,0.1,0.1,0.1,0.1,0.1,0.1,0.1,0.1,0.1
Western Europe,Coffee,Total,Composite Containers,Retail/off-trade Unit Volume,million units,39.3,41.0,42.6,43.4,43.4,45.7,45.1,43.7,41.6,40.7,38.3
World,Coffee,Total,Composite Containers,Retail/off-trade Unit Volume,million units,191.7,194.4,197.9,203.0,207.1,225.7,219.7,200.3,204.1,201.6,199.1
USA,Coffee,Total,Composite Containers,Retail/off-trade Unit Volume,million units,94.9,93.5,92.8,94.4,95.6,105.0,96.9,82.8,86.6,82.2,78.4
Brazil,Coffee,Total,Composite Containers,Retail/off-trade Unit Volume,million units,32.2,32.2,32.1,31.8,31.4,30.8,30.2,28.8,27.9,27.2,30.3
Japan,Coffee,Total,Composite Containers,Retail/off-trade Unit Volume,million units,24.9,27.3,29.9,32.4,35.6,42.8,45.5,42.8,45.3,48.1,48.2
Germany,Coffee,Total,Composite Containers,Retail/off-trade Unit Volume,million units,33.5,35.2,36.3,36.8,36.8,38.4,38.1,36.7,34.7,33.7,31.3
United Kingdom,Coffee,Total,Composite Containers,Retail/off-trade Unit Volume,million units,1.8,1.8,1.8,1.7,1.6,1.7,1.7,1.6,1.6,1.6,1.7
France,Coffee,Total,Composite Containers,Retail/off-trade Unit Volume,million units,0.1,0.1,0.1,0.1,0.1,0.2,0.2,0.3,0.3,0.3,0.3
United Kingdom,Coffee,Total,Folding Cartons,Retail/off-trade Unit Volume,million units,71.4,79.0,89.1,101.5,107.5,120.1,122.2,111.3,108.1,108.1,106.4
France,Coffee,Total,Folding Cartons,Retail/off-trade Unit Volume,million units,373.5,414.2,466.0,519.3,578.1,648.7,621.0,576.6,569.8,577.6,595.4
Japan,Coffee,Total,Folding Cartons,Retail/off-trade Unit Volume,million units,170.2,186.3,193.2,193.0,192.0,215.8,206.7,208.6,201.0,203.9,185.1
India,Coffee,Total,Folding Cartons,Retail/off-trade Unit Volume,million units,3.5,3.5,3.7,3.6,3.7,3.8,3.8,4.3,4.3,4.5,4.9
Brazil,Coffee,Total,Folding Cartons,Retail/off-trade Unit Volume,million units,163.6,184.6,203.0,219.1,235.2,248.2,258.3,257.4,286.0,304.0,321.4
China,Coffee,Total,Folding Cartons,Retail/off-trade Unit Volume,million units,137.3,128.4,125.8,126.3,126.1,129.4,132.8,136.7,132.8,125.7,120.0
Germany,Coffee,Total,Folding Cartons,Retail/off-trade Unit Volume,million units,218.0,229.2,236.6,247.3,254.2,280.4,289.0,285.8,285.5,292.5,293.6
Middle East and Africa,Coffee,Total,Folding Cartons,Retail/off-trade Unit Volume,million units,29.1,34.2,39.1,44.0,48.9,59.7,64.6,69.2,74.8,80.8,89.2
Australia,Coffee,Total,Folding Cartons,Retail/off-trade Unit Volume,million units,16.2,18.1,20.4,23.3,31.6,37.7,41.0,43.1,43.0,42.7,42.2
Thailand,Coffee,Total,Folding Cartons,Retail/off-trade Unit Volume,million units,0.1,0.1,0.1,0.1,0.1,0.2,0.3,0.3,0.3,0.4,0.4
USA,Coffee,Total,Folding Cartons,Retail/off-trade Unit Volume,million units,499.4,540.1,547.3,581.5,614.2,670.7,674.3,650.9,674.6,698.0,704.7
World,Coffee,Total,Folding Cartons,Retail/off-trade Unit Volume,million units,3756.2,4007.5,4244.3,4499.8,4674.6,5040.1,5133.8,5054.2,5170.9,5276.1,5356.2
Eastern Europe,Coffee,Total,Folding Cartons,Retail/off-trade Unit Volume,million units,288.5,284.1,285.6,310.4,323.0,338.8,360.0,345.1,348.9,333.8,330.1
Western Europe,Coffee,Total,Folding Cartons,Retail/off-trade Unit Volume,million units,1427.6,1541.3,1667.3,1813.4,1942.7,2190.1,2227.2,2185.7,2244.2,2351.4,2454.9
North America,Coffee,Total,Folding Cartons,Retail/off-trade Unit Volume,million units,542.1,584.1,590.9,628.7,662.8,723.1,727.4,704.9,729.4,751.8,758.6
Latin America,Coffee,Total,Folding Cartons,Retail/off-trade Unit Volume,million units,187.0,214.0,236.9,255.1,269.6,286.7,307.6,314.1,347.2,359.3,381.8
Asia Pacific,Coffee,Total,Folding Cartons,Retail/off-trade Unit Volume,million units,1262.8,1327.8,1399.8,1420.2,1391.0,1398.1,1399.5,1385.1,1376.3,1349.4,1292.7
Australasia,Coffee,Total,Folding Cartons,Retail/off-trade Unit Volume,million units,19.1,22.1,24.8,28.0,36.6,43.5,47.5,50.2,50.1,49.7,49.0
Australasia,Coffee,Total,Rigid Plastic,Retail/off-trade Unit Volume,million units,8.8,9.9,11.0,12.9,16.4,20.6,22.0,23.5,23.0,21.9,21.5
Asia Pacific,Coffee,Total,Rigid Plastic,Retail/off-trade Unit Volume,million units,19.9,21.2,24.1,26.4,28.3,30.7,30.1,32.2,32.6,34.9,38.8
Latin America,Coffee,Total,Rigid Plastic,Retail/off-trade Unit Volume,million units,45.6,48.2,51.0,53.3,54.6,56.3,58.8,57.8,58.4,57.5,59.2
Western Europe,Coffee,Total,Rigid Plastic,Retail/off-trade Unit Volume,million units,903.2,961.8,1028.6,1102.3,1168.9,1291.9,1337.7,1278.9,1264.5,1234.4,1225.2
North America,Coffee,Total,Rigid Plastic,Retail/off-trade Unit Volume,million units,786.1,803.5,794.1,820.7,846.1,927.5,910.0,868.7,866.3,867.8,848.9
Eastern Europe,Coffee,Total,Rigid Plastic,Retail/off-trade Unit Volume,million units,30.7,33.7,36.9,39.8,42.9,50.6,58.6,58.4,59.9,63.4,65.5
USA,Coffee,Total,Rigid Plastic,Retail/off-trade Unit Volume,million units,702.7,717.7,709.6,736.3,760.7,830.9,815.5,773.8,770.0,773.6,758.3
World,Coffee,Total,Rigid Plastic,Retail/off-trade Unit Volume,million units,1831.7,1920.8,1990.3,2101.9,2206.0,2435.5,2477.8,2382.6,2370.8,2350.4,2335.7
Australia,Coffee,Total,Rigid Plastic,Retail/off-trade Unit Volume,million units,8.8,9.9,11.0,12.9,16.4,20.6,22.0,23.5,23.0,21.9,21.5
Brazil,Coffee,Total,Rigid Plastic,Retail/off-trade Unit Volume,million units,26.5,28.6,31.2,33.6,35.8,37.2,39.0,38.2,39.0,39.8,39.6
Middle East and Africa,Coffee,Total,Rigid Plastic,Retail/off-trade Unit Volume,million units,37.5,42.6,44.6,46.4,48.9,58.0,60.5,63.2,66.2,70.6,76.7
Germany,Coffee,Total,Rigid Plastic,Retail/off-trade Unit Volume,million units,403.5,411.6,416.5,416.7,415.2,429.0,433.3,408.6,391.0,362.7,342.4
China,Coffee,Total,Rigid Plastic,Retail/off-trade Unit Volume,million units,0.3,0.6,1.0,1.4,1.7,2.5,3.2,3.7,2.7,2.6,2.6
India,Coffee,Total,Rigid Plastic,Retail/off-trade Unit Volume,million units,0.6,0.7,0.7,0.8,0.9,1.5,1.2,1.5,1.6,1.9,2.1
Thailand,Coffee,Total,Rigid Plastic,Retail/off-trade Unit Volume,million units,12.9,13.2,15.2,16.4,17.2,18.3,18.1,18.7,19.6,21.5,24.5
France,Coffee,Total,Rigid Plastic,Retail/off-trade Unit Volume,million units,287.1,317.2,352.3,394.9,443.7,505.4,523.3,486.0,471.6,450.6,440.8
United Kingdom,Coffee,Total,Rigid Plastic,Retail/off-trade Unit Volume,million units,41.7,46.8,52.0,60.7,66.3,70.3,75.0,69.0,68.1,69.1,71.2
Thailand,Coffee,Total,PET Jars,Retail/off-trade Unit Volume,million units,12.9,13.1,15.1,16.3,17.0,18.1,17.8,18.4,19.3,21.1,24.2
India,Coffee,Total,PET Jars,Retail/off-trade Unit Volume,million units,0.6,0.7,0.7,0.8,0.9,1.5,1.2,1.5,1.6,1.9,2.1
Middle East and Africa,Coffee,Total,PET Jars,Retail/off-trade Unit Volume,million units,1.7,1.7,1.7,1.7,1.7,1.8,1.7,1.7,1.7,1.7,1.8
World,Coffee,Total,PET Jars,Retail/off-trade Unit Volume,million units,88.3,88.8,90.4,91.5,94.0,102.0,95.3,94.1,99.3,106.0,110.8
USA,Coffee,Total,PET Jars,Retail/off-trade Unit Volume,million units,40.1,39.5,38.2,37.9,38.3,40.2,38.4,36.7,40.7,45.8,47.0
Eastern Europe,Coffee,Total,PET Jars,Retail/off-trade Unit Volume,million units,6.0,6.3,6.3,5.8,5.8,5.8,5.5,4.6,4.0,3.6,3.7
North America,Coffee,Total,PET Jars,Retail/off-trade Unit Volume,million units,53.2,52.9,52.2,52.2,53.3,58.1,55.1,53.7,57.9,62.8,63.9
Western Europe,Coffee,Total,PET Jars,Retail/off-trade Unit Volume,million units,9.8,9.7,9.9,9.9,10.1,12.2,10.7,11.0,11.1,11.7,11.9
Asia Pacific,Coffee,Total,PET Jars,Retail/off-trade Unit Volume,million units,17.6,18.2,20.4,21.9,23.0,24.0,22.2,23.2,24.5,26.2,29.5
Asia Pacific,Coffee,Total,Thin Wall Plastic Containers,Retail/off-trade Unit Volume,million units,2.3,2.9,3.7,4.5,5.3,6.6,7.8,9.0,8.1,8.7,9.3
Australasia,Coffee,Total,Thin Wall Plastic Containers,Retail/off-trade Unit Volume,million units,6.9,8.0,9.2,11.1,14.0,18.2,19.6,21.0,20.3,19.3,18.7
North America,Coffee,Total,Thin Wall Plastic Containers,Retail/off-trade Unit Volume,million units,425.7,456.0,458.4,484.3,510.1,564.6,569.2,550.4,563.7,558.2,549.3
Latin America,Coffee,Total,Thin Wall Plastic Containers,Retail/off-trade Unit Volume,million units,2.5,2.8,3.0,3.7,2.6,3.0,3.8,4.6,5.1,3.4,4.6
Eastern Europe,Coffee,Total,Thin Wall Plastic Containers,Retail/off-trade Unit Volume,million units,24.7,27.4,30.6,34.0,37.0,44.7,53.1,53.8,55.8,59.7,61.8
Western Europe,Coffee,Total,Thin Wall Plastic Containers,Retail/off-trade Unit Volume,million units,880.9,939.0,1005.5,1079.9,1146.6,1267.4,1315.1,1256.5,1242.3,1211.2,1201.3
World,Coffee,Total,Thin Wall Plastic Containers,Retail/off-trade Unit Volume,million units,1350.9,1445.6,1521.1,1629.3,1728.4,1922.5,1988.4,1915.5,1915.9,1881.6,1867.7
USA,Coffee,Total,Thin Wall Plastic Containers,Retail/off-trade Unit Volume,million units,366.7,394.2,398.8,425.7,451.3,498.7,503.8,485.2,497.6,493.5,487.9
Middle East and Africa,Coffee,Total,Thin Wall Plastic Containers,Retail/off-trade Unit Volume,million units,7.9,9.4,10.7,11.8,12.7,17.9,19.7,20.2,20.6,21.2,22.6
Australia,Coffee,Total,Thin Wall Plastic Containers,Retail/off-trade Unit Volume,million units,6.9,8.0,9.2,11.1,14.0,18.2,19.6,21.0,20.3,19.3,18.7
China,Coffee,Total,Thin Wall Plastic Containers,Retail/off-trade Unit Volume,million units,0.3,0.6,1.0,1.4,1.7,2.5,3.2,3.7,2.7,2.6,2.6
Germany,Coffee,Total,Thin Wall Plastic Containers,Retail/off-trade Unit Volume,million units,394.9,402.8,407.6,408.2,406.8,420.7,425.3,401.1,383.8,354.5,333.8
Thailand,Coffee,Total,Thin Wall Plastic Containers,Retail/off-trade Unit Volume,million units,0.1,0.1,0.1,0.1,0.1,0.2,0.2,0.3,0.3,0.3,0.4
United Kingdom,Coffee,Total,Thin Wall Plastic Containers,Retail/off-trade Unit Volume,million units,41.7,46.8,52.0,60.7,66.3,70.3,75.0,69.0,68.1,69.1,71.2
France,Coffee,Total,Thin Wall Plastic Containers,Retail/off-trade Unit Volume,million units,285.1,315.1,350.2,392.8,441.7,503.4,521.4,484.1,469.9,449.5,439.9
France,Coffee,Total,Other Plastic Jars,Retail/off-trade Unit Volume,million units,2.0,2.1,2.1,2.0,1.9,1.9,1.9,1.8,1.8,1.1,0.8
Brazil,Coffee,Total,Other Plastic Jars,Retail/off-trade Unit Volume,million units,11.4,11.7,12.0,12.4,12.9,13.5,14.3,14.0,14.2,13.9,13.3
Australia,Coffee,Total,Other Plastic Jars,Retail/off-trade Unit Volume,million units,1.9,1.9,1.8,1.8,2.3,2.3,2.4,2.5,2.7,2.6,2.8
Middle East and Africa,Coffee,Total,Other Plastic Jars,Retail/off-trade Unit Volume,million units,27.8,31.4,32.2,33.0,34.5,38.3,39.1,41.2,43.9,47.7,52.3
World,Coffee,Total,Other Plastic Jars,Retail/off-trade Unit Volume,million units,357.0,349.4,339.1,339.3,340.3,365.7,348.7,328.0,310.4,316.0,309.9
USA,Coffee,Total,Other Plastic Jars,Retail/off-trade Unit Volume,million units,295.9,284.0,272.6,272.7,271.1,292.0,273.3,251.8,231.7,234.3,223.5
North America,Coffee,Total,Other Plastic Jars,Retail/off-trade Unit Volume,million units,295.9,284.0,272.6,272.7,271.1,292.0,273.3,251.8,231.7,234.3,223.5
Western Europe,Coffee,Total,Other Plastic Jars,Retail/off-trade Unit Volume,million units,3.4,3.7,3.8,3.4,3.4,3.5,3.5,3.5,3.6,3.2,3.2
Latin America,Coffee,Total,Other Plastic Jars,Retail/off-trade Unit Volume,million units,27.9,28.4,28.7,28.4,29.0,29.6,30.3,29.0,28.5,28.1,28.2
Australasia,Coffee,Total,Other Plastic Jars,Retail/off-trade Unit Volume,million units,1.9,1.9,1.8,1.8,2.3,2.3,2.4,2.5,2.7,2.6,2.8
North America,Coffee,Total,Other Rigid Containers,Retail/off-trade Unit Volume,million units,11.2,10.6,11.0,11.6,11.5,12.8,12.4,12.8,13.0,12.5,12.3
Latin America,Coffee,Total,Other Rigid Containers,Retail/off-trade Unit Volume,million units,15.2,17.0,19.3,21.2,23.0,23.7,24.7,24.3,24.8,25.9,26.3
Western Europe,Coffee,Total,Other Rigid Containers,Retail/off-trade Unit Volume,million units,9.1,9.3,9.4,9.1,8.8,8.8,8.4,7.8,7.4,8.4,8.7
World,Coffee,Total,Other Rigid Containers,Retail/off-trade Unit Volume,million units,35.5,36.9,39.6,41.8,43.3,45.3,45.5,45.0,45.3,46.8,47.3
Brazil,Coffee,Total,Other Rigid Containers,Retail/off-trade Unit Volume,million units,15.2,17.0,19.3,21.2,23.0,23.7,24.7,24.3,24.8,25.9,26.3
Germany,Coffee,Total,Other Rigid Containers,Retail/off-trade Unit Volume,million units,8.6,8.8,8.9,8.6,8.4,8.4,8.0,7.5,7.2,8.2,8.6
World,Coffee,Total,Other Packaging,Retail/off-trade Unit Volume,million units,0.6,0.7,0.6,0.5,0.4,0.6,0.7,0.7,1.0,1.2,1.4
Western Europe,Coffee,Total,Other Packaging,Retail/off-trade Unit Volume,million units,0.1,0.2,0.1,0.07500000000000001,0.05,0.024999999999999994,0.0,0.0,0.0,0.0,0.0
Eastern Europe,Coffee,Total,Other Packaging,Retail/off-trade Unit Volume,million units,0.4,0.5,0.5,0.5,0.4,0.6,0.7,0.7,1.0,1.2,1.4
Latin America,Coffee,Total,Other Packaging,Retail/off-trade Unit Volume,million units,0.0,0.0,0.0,0.0,0.0,0.0,0.0,0.0,0.0,0.0,0.0
World,RTD Coffee,Total,Total Packaging,Retail/off-trade Unit Volume,million units,19073.7,19583.0,19741.1,20495.8,20970.5,19792.3,20389.5,20766.2,20823.9,20425.5,20105.0
Western Europe,RTD Coffee,Total,Total Packaging,Retail/off-trade Unit Volume,million units,710.6,769.0,843.8,996.0,1126.1,1169.9,1234.3,1375.9,1478.9,1596.2,1700.9
Eastern Europe,RTD Coffee,Total,Total Packaging,Retail/off-trade Unit Volume,million units,96.7,98.5,102.5,109.9,119.7,132.6,152.4,162.5,156.6,194.0,221.8
North America,RTD Coffee,Total,Total Packaging,Retail/off-trade Unit Volume,million units,1427.0,1655.9,1776.8,1890.2,1955.1,2266.4,2452.2,2727.5,2705.4,2581.6,2461.3
Latin America,RTD Coffee,Total,Total Packaging,Retail/off-trade Unit Volume,million units,38.1,38.6,38.7,40.7,40.1,32.7,31.5,33.3,35.9,40.4,44.4
Asia Pacific,RTD Coffee,Total,Total Packaging,Retail/off-trade Unit Volume,million units,16747.1,16961.7,16920.5,17401.1,17667.6,16116.6,16435.5,16378.6,16351.9,15914.2,15569.9
Australasia,RTD Coffee,Total,Total Packaging,Retail/off-trade Unit Volume,million units,6.1,6.5,6.8,7.1,10.8,21.2,25.8,26.9,28.5,30.2,32.1
Middle East and Africa,RTD Coffee,Total,Total Packaging,Retail/off-trade Unit Volume,million units,48.1,52.7,52.0,50.8,50.9,52.9,57.9,61.4,66.7,68.8,74.6
Australia,RTD Coffee,Total,Total Packaging,Retail/off-trade Unit Volume,million units,5.9,6.3,6.6,6.9,10.5,20.6,24.9,25.7,27.0,28.4,30.1
Brazil,RTD Coffee,Total,Total Packaging,Retail/off-trade Unit Volume,million units,10.0,8.6,7.8,7.4,7.1,5.9,5.5,5.6,6.0,6.2,6.3
China,RTD Coffee,Total,Total Packaging,Retail/off-trade Unit Volume,million units,1088.5,1181.8,1240.3,1345.0,1403.6,1003.1,1102.5,1037.1,1083.2,1107.4,1123.5
Germany,RTD Coffee,Total,Total Packaging,Retail/off-trade Unit Volume,million units,336.3,348.5,359.8,429.5,486.5,462.0,434.4,464.7,459.5,478.1,496.1
France,RTD Coffee,Total,Total Packaging,Retail/off-trade Unit Volume,million units,14.2,17.6,20.9,23.2,25.3,22.5,22.0,22.3,22.2,21.9,22.1
United Kingdom,RTD Coffee,Total,Total Packaging,Retail/off-trade Unit Volume,million units,36.3,44.5,54.9,65.9,85.5,109.5,148.4,189.8,241.4,265.5,280.4
Japan,RTD Coffee,Total,Total Packaging,Retail/off-trade Unit Volume,million units,12331.7,12252.7,11728.0,11531.9,11422.9,10377.6,10569.4,10259.4,10219.1,9793.7,9425.2
Thailand,RTD Coffee,Total,Total Packaging,Retail/off-trade Unit Volume,million units,831.3,877.7,989.4,985.5,1021.2,995.8,962.1,999.9,1006.3,1029.0,1006.1
USA,RTD Coffee,Total,Total Packaging,Retail/off-trade Unit Volume,million units,1414.8,1640.4,1757.9,1869.1,1930.6,2237.4,2421.0,2695.0,2670.4,2546.2,2425.3
Asia Pacific,RTD Coffee,Total,Flexible Packaging,Retail/off-trade Unit Volume,million units,280.9,258.0,248.6,340.2,361.6,372.2,361.9,425.4,449.5,435.8,436.9
World,RTD Coffee,Total,Flexible Packaging,Retail/off-trade Unit Volume,million units,280.9,258.0,248.6,340.2,361.6,372.2,361.9,425.4,449.5,435.8,436.9
World,RTD Coffee,Total,Stand-Up Pouches,Retail/off-trade Unit Volume,million units,280.9,258.0,248.6,340.2,361.6,372.2,361.9,425.4,449.5,435.8,436.9
Asia Pacific,RTD Coffee,Total,Stand-Up Pouches,Retail/off-trade Unit Volume,million units,280.9,258.0,248.6,340.2,361.6,372.2,361.9,425.4,449.5,435.8,436.9
Asia Pacific,RTD Coffee,Total,Aluminium /Plastic Pouches,Retail/off-trade Unit Volume,million units,280.9,258.0,248.6,340.2,361.6,372.2,361.9,425.4,449.5,435.8,436.9
World,RTD Coffee,Total,Aluminium /Plastic Pouches,Retail/off-trade Unit Volume,million units,280.9,258.0,248.6,340.2,361.6,372.2,361.9,425.4,449.5,435.8,436.9
USA,RTD Coffee,Total,Glass,Retail/off-trade Unit Volume,million units,912.5,1058.3,1064.7,1096.9,1097.7,1260.8,1359.0,1512.2,1391.8,1312.0,1247.1
World,RTD Coffee,Total,Glass,Retail/off-trade Unit Volume,million units,1008.8,1163.0,1178.0,1222.0,1231.7,1394.7,1504.2,1667.1,1566.4,1507.6,1458.4
Latin America,RTD Coffee,Total,Glass,Retail/off-trade Unit Volume,million units,26.0,25.0,25.5,26.9,26.3,21.0,20.1,21.4,22.9,26.1,28.5
Asia Pacific,RTD Coffee,Total,Glass,Retail/off-trade Unit Volume,million units,37.0,41.4,40.5,42.3,42.9,39.1,39.0,36.0,37.0,43.2,40.9
North America,RTD Coffee,Total,Glass,Retail/off-trade Unit Volume,million units,922.9,1070.7,1079.3,1112.9,1116.4,1282.5,1382.3,1536.2,1417.6,1337.8,1273.1
Eastern Europe,RTD Coffee,Total,Glass,Retail/off-trade Unit Volume,million units,1.4,1.4,1.9,2.5,3.3,4.3,6.0,7.9,9.1,12.0,13.6
Western Europe,RTD Coffee,Total,Glass,Retail/off-trade Unit Volume,million units,21.1,24.1,30.3,36.8,42.0,47.1,55.9,64.6,78.7,87.5,101.3
Thailand,RTD Coffee,Total,Glass,Retail/off-trade Unit Volume,million units,0.9,4.1,1.3,1.8,1.9,1.6,1.5,1.4,1.6,1.5,1.2
United Kingdom,RTD Coffee,Total,Glass,Retail/off-trade Unit Volume,million units,2.6,3.2,4.2,4.6,5.6,7.3,10.0,13.0,16.6,14.3,15.2
France,RTD Coffee,Total,Glass,Retail/off-trade Unit Volume,million units,0.2,0.2,0.2,0.2,0.5,0.4,0.4,0.4,0.5,0.5,0.5
China,RTD Coffee,Total,Glass,Retail/off-trade Unit Volume,million units,10.5,11.4,12.0,13.2,13.9,10.3,11.6,9.5,9.0,12.6,12.0
Middle East and Africa,RTD Coffee,Total,Glass,Retail/off-trade Unit Volume,million units,0.4,0.5,0.5,0.6,0.7,0.7,0.8,0.9,1.1,1.0,1.0
Middle East and Africa,RTD Coffee,Total,Glass Bottles,Retail/off-trade Unit Volume,million units,0.4,0.5,0.5,0.6,0.7,0.7,0.8,0.9,1.1,1.0,1.0
China,RTD Coffee,Total,Glass Bottles,Retail/off-trade Unit Volume,million units,10.5,11.4,12.0,13.2,13.9,10.3,11.6,9.5,9.0,12.6,12.0
France,RTD Coffee,Total,Glass Bottles,Retail/off-trade Unit Volume,million units,0.2,0.2,0.2,0.2,0.5,0.4,0.4,0.4,0.5,0.5,0.5
United Kingdom,RTD Coffee,Total,Glass Bottles,Retail/off-trade Unit Volume,million units,2.6,3.2,4.2,4.6,5.6,7.3,10.0,13.0,16.6,14.3,15.2
Thailand,RTD Coffee,Total,Glass Bottles,Retail/off-trade Unit Volume,million units,0.9,4.1,1.3,1.8,1.9,1.6,1.5,1.4,1.6,1.5,1.2
Western Europe,RTD Coffee,Total,Glass Bottles,Retail/off-trade Unit Volume,million units,21.1,24.1,30.3,36.8,42.0,47.1,55.9,64.6,78.7,87.5,101.3
Eastern Europe,RTD Coffee,Total,Glass Bottles,Retail/off-trade Unit Volume,million units,1.4,1.4,1.9,2.5,3.3,4.3,6.0,7.9,9.1,12.0,13.6
North America,RTD Coffee,Total,Glass Bottles,Retail/off-trade Unit Volume,million units,922.9,1070.7,1079.3,1112.9,1116.4,1282.5,1382.3,1536.2,1417.6,1337.8,1273.1
Asia Pacific,RTD Coffee,Total,Glass Bottles,Retail/off-trade Unit Volume,million units,37.0,41.4,40.5,42.3,42.9,39.1,39.0,36.0,37.0,43.2,40.9
Latin America,RTD Coffee,Total,Glass Bottles,Retail/off-trade Unit Volume,million units,26.0,25.0,25.5,26.9,26.3,21.0,20.1,21.4,22.9,26.1,28.5
World,RTD Coffee,Total,Glass Bottles,Retail/off-trade Unit Volume,million units,1008.8,1163.0,1178.0,1222.0,1231.7,1394.7,1504.2,1667.1,1566.4,1507.6,1458.4
USA,RTD Coffee,Total,Glass Bottles,Retail/off-trade Unit Volume,million units,912.5,1058.3,1064.7,1096.9,1097.7,1260.8,1359.0,1512.2,1391.8,1312.0,1247.1
USA,RTD Coffee,Total,Liquid Cartons,Retail/off-trade Unit Volume,million units,39.3,39.4,39.1,39.4,39.4,45.5,49.7,53.9,66.3,73.7,70.3
World,RTD Coffee,Total,Liquid Cartons,Retail/off-trade Unit Volume,million units,384.0,404.7,418.3,437.9,474.8,436.5,430.1,445.6,451.6,452.7,498.5
Latin America,RTD Coffee,Total,Liquid Cartons,Retail/off-trade Unit Volume,million units,10.1,8.7,7.7,7.2,6.9,5.7,5.4,5.4,5.8,5.8,5.9
Asia Pacific,RTD Coffee,Total,Liquid Cartons,Retail/off-trade Unit Volume,million units,309.9,333.0,348.6,366.3,397.5,343.7,323.9,327.9,311.6,298.4,339.1
Australasia,RTD Coffee,Total,Liquid Cartons,Retail/off-trade Unit Volume,million units,4.2,4.5,4.6,4.8,7.3,14.2,17.3,17.8,18.8,19.7,20.9
North America,RTD Coffee,Total,Liquid Cartons,Retail/off-trade Unit Volume,million units,39.8,39.9,39.7,40.1,40.2,46.5,50.7,54.9,67.4,74.7,71.1
Eastern Europe,RTD Coffee,Total,Liquid Cartons,Retail/off-trade Unit Volume,million units,6.3,6.4,6.9,7.7,8.8,9.9,11.1,12.2,13.7,15.9,18.5
Western Europe,RTD Coffee,Total,Liquid Cartons,Retail/off-trade Unit Volume,million units,13.8,12.2,10.8,11.8,14.1,16.4,21.7,27.3,34.4,38.1,42.8
Thailand,RTD Coffee,Total,Liquid Cartons,Retail/off-trade Unit Volume,million units,10.8,14.5,12.7,1.8,1.8,1.5,1.4,0.9,1.0,0.8,0.6
Japan,RTD Coffee,Total,Liquid Cartons,Retail/off-trade Unit Volume,million units,143.9,143.2,132.9,127.2,125.4,112.3,110.5,105.1,89.5,70.0,68.9
United Kingdom,RTD Coffee,Total,Liquid Cartons,Retail/off-trade Unit Volume,million units,2.2,2.8,3.4,4.4,6.7,9.2,14.3,19.3,26.0,29.4,32.9
France,RTD Coffee,Total,Liquid Cartons,Retail/off-trade Unit Volume,million units,0.0,0.0,0.0,0.0,0.0,0.0,0.0,0.0,0.0,0.0,0.0
China,RTD Coffee,Total,Liquid Cartons,Retail/off-trade Unit Volume,million units,5.7,4.8,3.8,2.9,2.5,1.6,1.6,7.0,5.8,2.7,1.9
Middle East and Africa,RTD Coffee,Total,Liquid Cartons,Retail/off-trade Unit Volume,million units,0.0,0.0,0.0,0.0,0.0,0.0,0.0,0.0,0.0,0.0,0.1
Brazil,RTD Coffee,Total,Liquid Cartons,Retail/off-trade Unit Volume,million units,10.0,8.6,7.6,7.1,6.8,5.6,5.2,5.3,5.6,5.7,5.7
Australia,RTD Coffee,Total,Liquid Cartons,Retail/off-trade Unit Volume,million units,4.2,4.3,4.5,4.7,7.1,13.9,16.7,17.0,17.8,18.6,19.6
Australia,RTD Coffee,Total,Brick Liquid Cartons,Retail/off-trade Unit Volume,million units,1.4,1.5,1.5,1.6,2.4,4.8,5.8,6.1,6.4,6.7,7.1
Middle East and Africa,RTD Coffee,Total,Brick Liquid Cartons,Retail/off-trade Unit Volume,million units,0.0,0.0,0.0,0.0,0.0,0.0,0.0,0.0,0.0,0.0,0.1
United Kingdom,RTD Coffee,Total,Brick Liquid Cartons,Retail/off-trade Unit Volume,million units,0.0,0.0,0.0,0.0,0.1,0.1,0.2,0.4,0.6,0.9,1.3
Thailand,RTD Coffee,Total,Brick Liquid Cartons,Retail/off-trade Unit Volume,million units,10.8,14.5,12.7,1.8,1.8,1.5,1.4,0.9,1.0,0.8,0.6
Eastern Europe,RTD Coffee,Total,Brick Liquid Cartons,Retail/off-trade Unit Volume,million units,5.8,6.0,6.5,7.2,8.3,9.4,10.5,11.6,13.1,15.2,17.4
Western Europe,RTD Coffee,Total,Brick Liquid Cartons,Retail/off-trade Unit Volume,million units,10.5,6.4,4.0,3.9,3.6,3.3,3.4,3.5,3.6,3.7,4.5
Australasia,RTD Coffee,Total,Brick Liquid Cartons,Retail/off-trade Unit Volume,million units,1.4,1.5,1.6,1.7,2.5,4.9,6.0,6.3,6.7,7.1,7.6
Asia Pacific,RTD Coffee,Total,Brick Liquid Cartons,Retail/off-trade Unit Volume,million units,106.6,131.2,157.8,190.8,224.6,186.4,168.4,173.2,169.6,169.0,165.4
World,RTD Coffee,Total,Brick Liquid Cartons,Retail/off-trade Unit Volume,million units,124.3,145.1,169.8,203.5,239.1,204.0,188.4,194.7,193.1,195.1,194.9
World,RTD Coffee,Total,Gable Top Liquid Cartons,Retail/off-trade Unit Volume,million units,213.9,211.0,198.3,190.6,188.5,180.9,182.5,178.7,168.5,154.3,153.4
USA,RTD Coffee,Total,Gable Top Liquid Cartons,Retail/off-trade Unit Volume,million units,21.9,19.9,18.0,16.3,14.7,16.0,16.8,17.9,20.0,22.7,20.3
Asia Pacific,RTD Coffee,Total,Gable Top Liquid Cartons,Retail/off-trade Unit Volume,million units,187.8,186.7,175.7,169.2,166.5,152.0,149.8,143.4,128.2,109.4,108.6
Latin America,RTD Coffee,Total,Gable Top Liquid Cartons,Retail/off-trade Unit Volume,million units,0.3,0.1,0.1,0.1,0.1,0.1,0.1,0.1,0.1,0.1,0.1
Australasia,RTD Coffee,Total,Gable Top Liquid Cartons,Retail/off-trade Unit Volume,million units,2.8,3.0,3.1,3.2,4.8,9.4,11.2,11.5,12.1,12.6,13.3
North America,RTD Coffee,Total,Gable Top Liquid Cartons,Retail/off-trade Unit Volume,million units,22.4,20.4,18.6,17.0,15.5,17.0,17.8,19.0,21.0,23.7,21.1
Western Europe,RTD Coffee,Total,Gable Top Liquid Cartons,Retail/off-trade Unit Volume,million units,0.6,0.8,0.9,1.2,1.6,2.6,3.7,4.9,7.2,8.6,10.3
Japan,RTD Coffee,Total,Gable Top Liquid Cartons,Retail/off-trade Unit Volume,million units,143.9,143.2,132.9,127.2,125.4,112.3,110.5,105.1,89.5,70.0,68.9
United Kingdom,RTD Coffee,Total,Gable Top Liquid Cartons,Retail/off-trade Unit Volume,million units,0.6,0.8,0.9,1.2,1.6,2.6,3.7,4.9,7.2,8.6,10.3
Australia,RTD Coffee,Total,Gable Top Liquid Cartons,Retail/off-trade Unit Volume,million units,2.8,2.9,3.0,3.1,4.7,9.1,10.9,11.0,11.5,11.9,12.5
Brazil,RTD Coffee,Total,Gable Top Liquid Cartons,Retail/off-trade Unit Volume,million units,0.3,0.1,0.1,0.1,0.1,0.1,0.1,0.1,0.1,0.1,0.1
Brazil,RTD Coffee,Total,Shaped Liquid Cartons,Retail/off-trade Unit Volume,million units,9.7,8.4,7.6,7.1,6.8,5.6,5.2,5.3,5.6,5.7,5.7
China,RTD Coffee,Total,Shaped Liquid Cartons,Retail/off-trade Unit Volume,million units,5.7,4.8,3.8,2.9,2.5,1.6,1.6,7.0,5.8,2.7,1.9
France,RTD Coffee,Total,Shaped Liquid Cartons,Retail/off-trade Unit Volume,million units,0.0,0.0,0.0,0.0,0.0,0.0,0.0,0.0,0.0,0.0,0.0
United Kingdom,RTD Coffee,Total,Shaped Liquid Cartons,Retail/off-trade Unit Volume,million units,1.6,2.0,2.5,3.2,5.0,6.5,10.4,14.0,18.2,19.9,21.3
Eastern Europe,RTD Coffee,Total,Shaped Liquid Cartons,Retail/off-trade Unit Volume,million units,0.5,0.4,0.4,0.4,0.5,0.5,0.6,0.6,0.6,0.7,1.1
North America,RTD Coffee,Total,Shaped Liquid Cartons,Retail/off-trade Unit Volume,million units,17.4,19.5,21.1,23.1,24.6,29.5,32.9,36.0,46.3,51.0,50.0
Western Europe,RTD Coffee,Total,Shaped Liquid Cartons,Retail/off-trade Unit Volume,million units,2.7,5.0,5.9,6.7,8.9,10.6,14.6,18.8,23.6,25.8,28.0
Latin America,RTD Coffee,Total,Shaped Liquid Cartons,Retail/off-trade Unit Volume,million units,9.8,8.5,7.7,7.2,6.9,5.7,5.4,5.4,5.8,5.8,5.9
Asia Pacific,RTD Coffee,Total,Shaped Liquid Cartons,Retail/off-trade Unit Volume,million units,15.5,15.1,15.1,6.3,6.4,5.4,5.7,11.4,13.8,20.0,65.2
USA,RTD Coffee,Total,Shaped Liquid Cartons,Retail/off-trade Unit Volume,million units,17.4,19.5,21.1,23.1,24.6,29.5,32.9,36.0,46.3,51.0,50.0
World,RTD Coffee,Total,Shaped Liquid Cartons,Retail/off-trade Unit Volume,million units,45.8,48.7,50.2,43.8,47.3,51.7,59.2,72.2,90.1,103.3,150.2
World,RTD Coffee,Total,Metal,Retail/off-trade Unit Volume,million units,13398.9,13502.7,13046.2,12866.5,12790.2,11687.0,11952.3,11761.1,11642.5,11101.4,10653.2
Asia Pacific,RTD Coffee,Total,Metal,Retail/off-trade Unit Volume,million units,12713.3,12696.0,12212.5,11965.8,11810.9,10595.5,10761.1,10478.3,10294.6,9773.0,9335.4
Middle East and Africa,RTD Coffee,Total,Metal,Retail/off-trade Unit Volume,million units,46.7,51.1,50.4,49.1,49.2,51.2,56.1,59.5,64.5,66.5,72.0
Australasia,RTD Coffee,Total,Metal,Retail/off-trade Unit Volume,million units,0.2,0.2,0.2,0.3,0.4,0.8,1.1,1.3,1.4,1.6,1.8
North America,RTD Coffee,Total,Metal,Retail/off-trade Unit Volume,million units,387.4,487.8,496.5,533.0,579.0,675.8,734.9,792.4,821.8,751.3,679.0
Latin America,RTD Coffee,Total,Metal,Retail/off-trade Unit Volume,million units,1.9,4.9,5.3,5.6,5.9,5.1,5.0,5.4,6.0,6.9,8.1
Eastern Europe,RTD Coffee,Total,Metal,Retail/off-trade Unit Volume,million units,80.8,82.2,84.3,88.9,93.8,99.3,111.6,115.8,102.9,126.1,145.1
Western Europe,RTD Coffee,Total,Metal,Retail/off-trade Unit Volume,million units,168.6,180.3,197.0,223.8,251.0,259.3,282.4,308.5,351.2,375.8,411.8
Thailand,RTD Coffee,Total,Metal,Retail/off-trade Unit Volume,million units,792.9,833.4,945.5,951.6,986.8,962.8,931.0,967.9,969.9,991.0,968.8
USA,RTD Coffee,Total,Metal,Retail/off-trade Unit Volume,million units,387.3,487.8,496.5,532.9,579.0,675.7,734.8,792.2,821.6,751.1,678.7
United Kingdom,RTD Coffee,Total,Metal,Retail/off-trade Unit Volume,million units,5.3,6.4,7.5,9.0,11.8,15.9,22.3,29.1,38.0,43.8,46.1
Japan,RTD Coffee,Total,Metal,Retail/off-trade Unit Volume,million units,10116.4,9960.5,9262.6,8860.4,8768.6,7838.8,7971.8,7646.2,7559.8,7145.7,6776.8
China,RTD Coffee,Total,Metal,Retail/off-trade Unit Volume,million units,530.3,567.0,589.0,632.8,652.6,441.9,481.8,454.2,475.5,479.9,464.6
France,RTD Coffee,Total,Metal,Retail/off-trade Unit Volume,million units,2.3,3.2,4.3,3.0,3.3,2.9,3.1,3.3,3.4,3.4,3.5
Germany,RTD Coffee,Total,Metal,Retail/off-trade Unit Volume,million units,36.8,36.4,38.6,50.1,64.3,62.7,63.9,71.5,83.2,86.4,98.7
Australia,RTD Coffee,Total,Metal,Retail/off-trade Unit Volume,million units,0.2,0.2,0.2,0.3,0.4,0.8,1.1,1.3,1.4,1.6,1.8
Australia,RTD Coffee,Total,Metal Beverage Cans,Retail/off-trade Unit Volume,million units,0.2,0.2,0.2,0.3,0.4,0.8,1.1,1.3,1.4,1.6,1.8
Germany,RTD Coffee,Total,Metal Beverage Cans,Retail/off-trade Unit Volume,million units,36.8,36.4,38.6,50.1,64.3,62.7,63.9,71.5,83.2,86.4,98.7
France,RTD Coffee,Total,Metal Beverage Cans,Retail/off-trade Unit Volume,million units,2.3,3.2,4.3,3.0,3.3,2.9,3.1,3.3,3.4,3.4,3.5
China,RTD Coffee,Total,Metal Beverage Cans,Retail/off-trade Unit Volume,million units,530.3,567.0,589.0,632.8,652.6,441.9,481.8,454.2,475.5,479.9,464.6
Japan,RTD Coffee,Total,Metal Beverage Cans,Retail/off-trade Unit Volume,million units,8440.6,8092.6,7193.1,6361.6,6202.5,5241.0,5293.7,4959.0,4632.2,4190.9,3803.9
United Kingdom,RTD Coffee,Total,Metal Beverage Cans,Retail/off-trade Unit Volume,million units,5.3,6.4,7.5,9.0,11.8,15.9,22.3,29.1,38.0,43.8,46.1
USA,RTD Coffee,Total,Metal Beverage Cans,Retail/off-trade Unit Volume,million units,317.2,416.4,422.0,462.4,508.9,598.4,653.7,713.3,756.6,711.3,644.7
Thailand,RTD Coffee,Total,Metal Beverage Cans,Retail/off-trade Unit Volume,million units,792.9,833.4,945.5,951.6,986.8,962.8,931.0,967.9,969.9,991.0,968.8
Western Europe,RTD Coffee,Total,Metal Beverage Cans,Retail/off-trade Unit Volume,million units,168.6,180.3,197.0,223.8,251.0,259.3,282.4,308.5,351.2,375.8,411.8
Eastern Europe,RTD Coffee,Total,Metal Beverage Cans,Retail/off-trade Unit Volume,million units,80.8,82.2,84.3,88.9,93.8,99.3,111.6,115.8,102.9,126.1,145.1
Latin America,RTD Coffee,Total,Metal Beverage Cans,Retail/off-trade Unit Volume,million units,1.9,4.9,5.3,5.6,5.9,5.1,5.0,5.4,6.0,6.9,8.1
North America,RTD Coffee,Total,Metal Beverage Cans,Retail/off-trade Unit Volume,million units,317.2,416.5,422.0,462.5,509.0,598.5,653.8,713.5,756.8,711.6,645.0
Australasia,RTD Coffee,Total,Metal Beverage Cans,Retail/off-trade Unit Volume,million units,0.2,0.2,0.2,0.3,0.4,0.8,1.1,1.3,1.4,1.6,1.8
Middle East and Africa,RTD Coffee,Total,Metal Beverage Cans,Retail/off-trade Unit Volume,million units,46.7,51.1,50.4,49.1,49.2,51.2,56.1,59.5,64.5,66.5,72.0
Asia Pacific,RTD Coffee,Total,Metal Beverage Cans,Retail/off-trade Unit Volume,million units,11023.8,10813.2,10124.8,9445.8,9219.2,7968.0,8051.8,7754.9,7326.4,6773.0,6313.0
World,RTD Coffee,Total,Metal Beverage Cans,Retail/off-trade Unit Volume,million units,11639.2,11548.5,10884.0,10276.0,10128.5,8982.3,9161.8,8958.8,8609.3,8061.6,7596.8
World,RTD Coffee,Total,Metal Bottles,Retail/off-trade Unit Volume,million units,1759.7,1954.2,2162.2,2590.6,2661.7,2704.7,2790.5,2802.3,3033.3,3039.8,3056.4
Asia Pacific,RTD Coffee,Total,Metal Bottles,Retail/off-trade Unit Volume,million units,1689.5,1882.8,2087.7,2520.0,2591.6,2627.5,2709.4,2723.4,2968.2,3000.1,3022.4
North America,RTD Coffee,Total,Metal Bottles,Retail/off-trade Unit Volume,million units,70.1,71.4,74.5,70.5,70.1,77.2,81.1,78.9,65.0,39.7,34.0
USA,RTD Coffee,Total,Metal Bottles,Retail/off-trade Unit Volume,million units,70.1,71.4,74.5,70.5,70.1,77.2,81.1,78.9,65.0,39.7,34.0
Japan,RTD Coffee,Total,Metal Bottles,Retail/off-trade Unit Volume,million units,1675.8,1868.0,2069.5,2498.7,2566.1,2597.8,2678.1,2687.2,2927.6,2954.8,2972.9
Australia,RTD Coffee,Total,Paper-based Containers,Retail/off-trade Unit Volume,million units,0.0,0.0,0.0,0.0,0.0,0.0,0.0,0.0,0.0,0.0,0.0
Australasia,RTD Coffee,Total,Paper-based Containers,Retail/off-trade Unit Volume,million units,0.0,0.0,0.0,0.0,0.0,0.0,0.0,0.0,0.0,0.0,0.0
World,RTD Coffee,Total,Paper-based Containers,Retail/off-trade Unit Volume,million units,0.0,0.0,0.0,0.0,0.0,0.0,0.0,0.0,0.0,0.0,0.0
World,RTD Coffee,Total,Bag In Box,Retail/off-trade Unit Volume,million units,0.0,0.0,0.0,0.0,0.0,0.0,0.0,0.0,0.0,0.0,0.0
Australasia,RTD Coffee,Total,Bag In Box,Retail/off-trade Unit Volume,million units,0.0,0.0,0.0,0.0,0.0,0.0,0.0,0.0,0.0,0.0,0.0
Australia,RTD Coffee,Total,Bag In Box,Retail/off-trade Unit Volume,million units,0.0,0.0,0.0,0.0,0.0,0.0,0.0,0.0,0.0,0.0,0.0
Brazil,RTD Coffee,Total,Rigid Plastic,Retail/off-trade Unit Volume,million units,0.2,0.2,0.2,0.3,0.3,0.3,0.3,0.3,0.3,0.5,0.6
Australia,RTD Coffee,Total,Rigid Plastic,Retail/off-trade Unit Volume,million units,1.6,1.7,1.8,1.9,3.0,5.9,7.0,7.4,7.7,8.2,8.7
China,RTD Coffee,Total,Rigid Plastic,Retail/off-trade Unit Volume,million units,541.9,598.6,635.4,696.1,734.6,549.2,607.5,566.5,593.0,612.2,645.0
France,RTD Coffee,Total,Rigid Plastic,Retail/off-trade Unit Volume,million units,11.9,14.4,16.6,20.0,21.5,19.1,18.6,18.6,18.3,18.0,18.0
Germany,RTD Coffee,Total,Rigid Plastic,Retail/off-trade Unit Volume,million units,299.6,312.1,321.2,379.4,422.2,399.3,370.5,393.3,376.2,391.6,397.3
Japan,RTD Coffee,Total,Rigid Plastic,Retail/off-trade Unit Volume,million units,2071.3,2148.9,2332.5,2544.3,2528.9,2426.4,2487.0,2508.1,2569.9,2577.9,2579.5
United Kingdom,RTD Coffee,Total,Rigid Plastic,Retail/off-trade Unit Volume,million units,26.3,32.1,39.8,47.9,61.3,77.1,101.8,128.4,160.9,178.1,186.2
USA,RTD Coffee,Total,Rigid Plastic,Retail/off-trade Unit Volume,million units,75.7,54.9,157.6,199.9,214.6,255.4,277.5,336.7,390.7,409.5,429.3
Thailand,RTD Coffee,Total,Rigid Plastic,Retail/off-trade Unit Volume,million units,21.5,20.1,23.0,25.0,25.2,24.4,22.9,23.3,25.6,26.8,25.6
Middle East and Africa,RTD Coffee,Total,Rigid Plastic,Retail/off-trade Unit Volume,million units,1.0,1.1,1.1,1.0,1.0,1.0,1.0,1.0,1.0,1.2,1.4
Australasia,RTD Coffee,Total,Rigid Plastic,Retail/off-trade Unit Volume,million units,1.6,1.8,1.9,2.0,3.1,6.1,7.4,7.8,8.3,8.9,9.4
Asia Pacific,RTD Coffee,Total,Rigid Plastic,Retail/off-trade Unit Volume,million units,3400.8,3627.8,4063.6,4681.1,5049.2,4760.7,4944.3,5104.5,5251.0,5354.9,5407.5
North America,RTD Coffee,Total,Rigid Plastic,Retail/off-trade Unit Volume,million units,77.0,57.5,161.2,204.2,219.5,261.7,284.2,344.0,398.5,417.8,438.0
Latin America,RTD Coffee,Total,Rigid Plastic,Retail/off-trade Unit Volume,million units,0.0,0.0,0.2,1.0,1.0,0.8,1.1,1.1,1.2,1.6,1.9
Eastern Europe,RTD Coffee,Total,Rigid Plastic,Retail/off-trade Unit Volume,million units,8.3,8.5,9.1,10.5,13.5,18.7,23.3,26.2,30.5,39.2,43.6
Western Europe,RTD Coffee,Total,Rigid Plastic,Retail/off-trade Unit Volume,million units,506.6,551.4,604.7,722.2,817.2,845.2,872.1,973.1,1012.0,1092.0,1141.6
World,RTD Coffee,Total,Rigid Plastic,Retail/off-trade Unit Volume,million units,3995.3,4248.1,4841.7,5622.0,6104.4,5894.1,6133.2,6457.6,6702.5,6915.5,7043.3
World,RTD Coffee,Total,HDPE Bottles,Retail/off-trade Unit Volume,million units,20.4,21.7,23.2,25.6,27.9,30.0,32.8,33.3,35.6,38.8,41.3
China,RTD Coffee,Total,HDPE Bottles,Retail/off-trade Unit Volume,million units,4.8,5.6,6.6,7.8,8.7,7.0,7.5,7.5,9.4,10.6,11.1
Eastern Europe,RTD Coffee,Total,HDPE Bottles,Retail/off-trade Unit Volume,million units,2.7,2.8,3.0,3.2,3.5,4.4,5.3,5.5,5.1,6.4,7.9
North America,RTD Coffee,Total,HDPE Bottles,Retail/off-trade Unit Volume,million units,1.3,1.8,2.3,2.7,3.0,3.8,3.9,4.2,4.5,4.5,4.4
Latin America,RTD Coffee,Total,HDPE Bottles,Retail/off-trade Unit Volume,million units,0.8,0.8,0.8,0.8,0.7,0.5,0.8,0.8,0.9,1.1,1.3
Asia Pacific,RTD Coffee,Total,HDPE Bottles,Retail/off-trade Unit Volume,million units,14.8,15.4,16.1,17.1,17.6,15.4,15.8,15.5,17.4,18.6,19.1
Australasia,RTD Coffee,Total,HDPE Bottles,Retail/off-trade Unit Volume,million units,1.6,1.7,1.8,1.9,3.0,5.9,7.0,7.4,7.7,8.2,8.7
Australia,RTD Coffee,Total,HDPE Bottles,Retail/off-trade Unit Volume,million units,1.6,1.7,1.8,1.9,3.0,5.9,7.0,7.4,7.7,8.2,8.7
Brazil,RTD Coffee,Total,PET Bottles,Retail/off-trade Unit Volume,million units,0.2,0.2,0.2,0.3,0.3,0.3,0.3,0.3,0.3,0.5,0.6
Germany,RTD Coffee,Total,PET Bottles,Retail/off-trade Unit Volume,million units,26.6,29.0,30.7,37.3,43.4,45.5,42.3,48.9,48.9,57.8,66.0
France,RTD Coffee,Total,PET Bottles,Retail/off-trade Unit Volume,million units,0.5,0.6,0.7,1.1,1.4,1.3,1.5,1.6,1.6,1.8,1.9
China,RTD Coffee,Total,PET Bottles,Retail/off-trade Unit Volume,million units,537.1,593.0,628.8,688.3,725.9,542.3,600.1,559.0,583.7,601.6,633.9
Thailand,RTD Coffee,Total,PET Bottles,Retail/off-trade Unit Volume,million units,21.5,20.1,23.0,25.0,25.2,24.4,22.9,23.3,25.6,26.8,25.6
USA,RTD Coffee,Total,PET Bottles,Retail/off-trade Unit Volume,million units,75.7,54.9,157.6,199.9,214.6,255.4,277.5,336.7,390.7,409.5,429.3
United Kingdom,RTD Coffee,Total,PET Bottles,Retail/off-trade Unit Volume,million units,0.1,0.1,0.2,0.7,1.0,1.3,1.9,2.5,4.0,5.1,6.4
Japan,RTD Coffee,Total,PET Bottles,Retail/off-trade Unit Volume,million units,1355.3,1442.9,1655.5,1874.6,1862.7,1848.6,1914.3,2029.1,2078.7,2150.6,2177.0
Middle East and Africa,RTD Coffee,Total,PET Bottles,Retail/off-trade Unit Volume,million units,1.0,1.1,1.1,1.0,1.0,1.0,1.0,1.0,1.0,1.2,1.4
Asia Pacific,RTD Coffee,Total,PET Bottles,Retail/off-trade Unit Volume,million units,2147.3,2356.3,2751.5,3318.5,3610.6,3340.8,3492.3,3729.2,3893.1,4032.8,4107.3
North America,RTD Coffee,Total,PET Bottles,Retail/off-trade Unit Volume,million units,75.7,55.7,158.9,201.5,216.5,257.9,280.3,339.8,394.0,413.3,433.6
Latin America,RTD Coffee,Total,PET Bottles,Retail/off-trade Unit Volume,million units,0.0,0.0,0.2,0.3,0.3,0.3,0.3,0.3,0.3,0.5,0.6
Western Europe,RTD Coffee,Total,PET Bottles,Retail/off-trade Unit Volume,million units,34.1,38.1,47.5,63.0,71.4,76.4,77.6,89.1,99.2,119.8,143.7
Eastern Europe,RTD Coffee,Total,PET Bottles,Retail/off-trade Unit Volume,million units,4.1,4.0,4.2,4.7,5.5,7.9,9.3,9.5,12.4,15.5,16.9
World,RTD Coffee,Total,PET Bottles,Retail/off-trade Unit Volume,million units,2262.1,2455.3,2963.3,3589.0,3905.2,3684.3,3860.7,4168.9,4400.1,4583.0,4703.5
World,RTD Coffee,Total,Thin Wall Plastic Containers,Retail/off-trade Unit Volume,million units,1703.1,1762.6,1848.1,2001.7,2166.4,2175.5,2235.3,2250.7,2262.7,2289.4,2295.9
Eastern Europe,RTD Coffee,Total,Thin Wall Plastic Containers,Retail/off-trade Unit Volume,million units,1.5,1.7,1.9,2.5,4.5,6.4,8.7,11.1,12.9,17.3,18.8
Western Europe,RTD Coffee,Total,Thin Wall Plastic Containers,Retail/off-trade Unit Volume,million units,462.9,504.9,550.2,653.6,741.0,764.7,790.4,879.8,909.3,968.6,996.0
Asia Pacific,RTD Coffee,Total,Thin Wall Plastic Containers,Retail/off-trade Unit Volume,million units,1238.7,1256.0,1296.0,1345.5,1420.9,1404.4,1436.2,1359.8,1340.5,1303.5,1281.1
Japan,RTD Coffee,Total,Thin Wall Plastic Containers,Retail/off-trade Unit Volume,million units,716.1,706.0,677.0,669.7,666.1,577.8,572.7,478.9,491.2,427.3,402.5
United Kingdom,RTD Coffee,Total,Thin Wall Plastic Containers,Retail/off-trade Unit Volume,million units,26.2,32.0,39.6,47.2,60.3,75.9,99.9,126.0,156.9,173.0,179.8
France,RTD Coffee,Total,Thin Wall Plastic Containers,Retail/off-trade Unit Volume,million units,11.4,13.8,15.8,18.9,20.0,17.8,17.0,17.0,16.7,16.2,16.1
Germany,RTD Coffee,Total,Thin Wall Plastic Containers,Retail/off-trade Unit Volume,million units,273.0,283.2,290.5,342.1,378.8,353.8,328.2,344.4,327.3,333.8,331.4
Australasia,RTD Coffee,Total,Other Plastic Bottles,Retail/off-trade Unit Volume,million units,0.0,0.1,0.1,0.1,0.1,0.2,0.3,0.5,0.6,0.7,0.7
Western Europe,RTD Coffee,Total,Other Plastic Bottles,Retail/off-trade Unit Volume,million units,9.6,8.5,7.0,5.6,4.8,4.1,4.1,4.2,3.5,3.6,1.9
World,RTD Coffee,Total,Other Plastic Bottles,Retail/off-trade Unit Volume,million units,9.6,8.6,7.0,5.6,4.9,4.3,4.4,4.6,4.1,4.3,2.6
World,RTD Coffee,Total,Other Packaging,Retail/off-trade Unit Volume,million units,5.8,6.5,8.3,7.1,7.7,7.8,7.9,9.3,11.3,12.4,14.6
Eastern Europe,RTD Coffee,Total,Other Packaging,Retail/off-trade Unit Volume,million units,0.3,0.3,0.3,0.4,0.4,0.4,0.4,0.4,0.4,0.7,1.1
Western Europe,RTD Coffee,Total,Other Packaging,Retail/off-trade Unit Volume,million units,0.6,1.0,1.0,1.4,1.7,2.0,2.2,2.5,2.7,2.9,3.5
Asia Pacific,RTD Coffee,Total,Other Packaging,Retail/off-trade Unit Volume,million units,5.1,5.5,6.8,5.4,5.6,5.4,5.3,6.4,8.2,8.8,10.0
Middle East and Africa,RTD Coffee,Total,Other Packaging,Retail/off-trade Unit Volume,million units,0.0,0.0,0.0,0.0,0.0,0.0,0.0,0.0,0.0,0.0,0.0
Thailand,RTD Coffee,Total,Other Packaging,Retail/off-trade Unit Volume,million units,5.1,5.5,6.8,5.4,5.6,5.4,5.3,6.4,8.2,8.8,10.0
