Geography,Category,Outlet Type,Data Type,2015,2016,2017,2018,2019,2020,2021,2022,2023,2024,2025
World,Coffee,Retail Channels,Retail Volume,100.0,100.0,100.0,100.0,100.0,100.0,100.0,100.0,100.0,100.0,100.0
World,Coffee,Retail Offline,Retail Volume,97.8,97.6,97.5,97.2,96.7,94.4,94.0,93.4,92.9,91.8,91.4
World,Coffee,Grocery Retailers,Retail Volume,95.1,95.0,94.9,94.7,94.2,92.1,91.6,91.1,90.7,89.6,89.2
World,Coffee,Convenience Retailers,Retail Volume,5.3,5.4,5.4,5.4,5.4,5.1,5.2,5.1,5.2,5.2,5.1
World,Coffee,Convenience Stores,Retail Volume,4.2,4.3,4.3,4.4,4.4,4.3,4.4,4.3,4.4,4.4,4.3
World,Coffee,Forecourt Retailers,Retail Volume,1.1,1.1,1.0,1.0,1.0,0.8,0.8,0.8,0.8,0.8,0.8
World,Coffee,Supermarkets,Retail Volume,30.3,29.9,29.5,29.3,29.0,29.2,28.9,28.4,28.3,28.1,28.1
World,Coffee,Hypermarkets,Retail Volume,21.4,21.3,21.0,21.0,20.7,19.4,19.0,18.3,17.0,15.9,15.6
World,Coffee,Discounters,Retail Volume,7.1,7.1,7.2,7.2,7.2,7.7,7.9,8.2,8.3,8.4,8.4
World,Coffee,Warehouse Clubs,Retail Volume,1.2,1.2,1.2,1.3,1.3,1.3,1.3,1.4,1.5,1.4,1.4
World,Coffee,Food/drink/tobacco specialists,Retail Volume,2.6,2.6,2.6,2.6,2.6,2.5,2.5,2.5,2.6,2.6,2.6
World,Coffee,Small Local Grocers,Retail Volume,27.2,27.5,28.0,27.9,28.1,26.8,26.7,27.1,27.8,27.9,27.9
World,Coffee,Non-Grocery Retailers,Retail Volume,1.9,1.9,1.9,1.8,1.8,1.8,1.8,1.7,1.6,1.6,1.5
World,Coffee,General Merchandise Stores,Retail Volume,1.1,1.1,1.1,1.1,1.1,1.0,1.0,1.0,0.9,0.9,0.9
World,Coffee,Health and Beauty Specialists,Retail Volume,0.7,0.7,0.7,0.6,0.6,0.6,0.6,0.6,0.6,0.5,0.5
World,Coffee,Other Non-Grocery Retailers,Retail Volume,0.1,0.1,0.1,0.1,0.1,0.1,0.1,0.1,0.1,0.1,0.1
World,Coffee,Vending,Retail Volume,0.5,0.5,0.5,0.5,0.6,0.4,0.5,0.5,0.5,0.5,0.5
World,Coffee,Direct Selling,Retail Volume,0.3,0.2,0.1,0.1,0.1,0.1,0.1,0.1,0.1,0.1,0.1
World,Coffee,Retail E-Commerce,Retail Volume,2.2,2.4,2.5,2.8,3.3,5.6,6.0,6.6,7.1,8.2,8.6
World,Coffee,Total,Retail Volume,100.0,100.0,100.0,100.0,100.0,100.0,100.0,100.0,100.0,100.0,100.0
World,RTD Coffee,Retail Channels,Off-trade Volume,100.0,100.0,100.0,100.0,100.0,100.0,100.0,100.0,100.0,100.0,100.0
World,RTD Coffee,Retail Offline,Off-trade Volume,98.9,98.7,98.5,98.4,97.9,96.5,95.8,95.3,94.9,94.6,94.5
World,RTD Coffee,Grocery Retailers,Off-trade Volume,67.4,67.9,68.9,70.6,71.4,71.2,70.6,70.9,70.8,71.2,71.2
World,RTD Coffee,Convenience Retailers,Off-trade Volume,22.7,23.0,23.6,24.7,26.1,26.3,26.1,26.4,26.1,26.1,26.4
World,RTD Coffee,Convenience Stores,Off-trade Volume,19.1,19.2,19.6,20.8,22.1,22.0,21.6,21.7,21.5,21.6,21.9
World,RTD Coffee,Forecourt Retailers,Off-trade Volume,3.6,3.8,4.0,4.0,4.0,4.3,4.5,4.7,4.6,4.5,4.5
World,RTD Coffee,Supermarkets,Off-trade Volume,22.8,22.8,22.8,22.4,22.1,22.0,22.2,21.8,21.8,21.9,21.5
World,RTD Coffee,Hypermarkets,Off-trade Volume,9.7,9.9,10.0,10.1,10.1,9.8,9.5,9.6,9.4,9.3,9.2
World,RTD Coffee,Discounters,Off-trade Volume,0.7,0.8,0.8,0.9,1.0,1.1,1.1,1.2,1.3,1.4,1.5
World,RTD Coffee,Warehouse Clubs,Off-trade Volume,2.1,2.1,2.2,2.2,2.2,2.5,2.5,2.6,2.6,2.6,2.6
World,RTD Coffee,Food/drink/tobacco specialists,Off-trade Volume,0.0,0.0,0.0,0.0,0.0,0.0,0.0,0.0,0.0,0.0,0.0
World,RTD Coffee,Small Local Grocers,Off-trade Volume,9.4,9.3,9.4,10.2,9.9,9.5,9.2,9.2,9.5,9.9,10.1
World,RTD Coffee,Non-Grocery Retailers,Off-trade Volume,12.6,12.6,12.4,11.5,11.0,11.3,11.4,11.0,10.9,10.6,10.8
World,RTD Coffee,General Merchandise Stores,Off-trade Volume,5.8,5.7,5.6,5.3,5.0,5.3,5.2,5.0,4.9,4.6,4.7
World,RTD Coffee,Health and Beauty Specialists,Off-trade Volume,6.8,6.9,6.8,6.3,6.0,6.0,6.2,6.1,6.0,6.0,6.1
World,RTD Coffee,Leisure and Personal Goods Specialists,Off-trade Volume,0.0,0.0,0.0,0.0,0.0,0.0,0.0,0.0,0.0,0.0,0.0
World,RTD Coffee,Other Non-Grocery Retailers,Off-trade Volume,0.0,0.0,0.0,0.0,0.0,0.0,0.0,0.0,0.0,0.0,0.0
World,RTD Coffee,Vending,Off-trade Volume,18.9,18.2,17.2,16.3,15.4,13.9,13.8,13.4,13.3,12.8,12.4
World,RTD Coffee,Direct Selling,Off-trade Volume,0.0,0.0,0.0,0.0,0.0,0.0,0.0,0.0,0.0,0.0,0.0
World,RTD Coffee,Retail E-Commerce,Off-trade Volume,1.1,1.3,1.5,1.6,2.1,3.5,4.2,4.7,5.1,5.4,5.5
World,RTD Coffee,Total,Off-trade Volume,100.0,100.0,100.0,100.0,100.0,100.0,100.0,100.0,100.0,100.0,100.0
Asia Pacific,Coffee,Retail Channels,Retail Volume,100.0,100.0,100.0,100.0,100.0,100.0,100.0,100.0,100.0,100.0,100.0
Asia Pacific,Coffee,Retail Offline,Retail Volume,97.9,97.7,97.4,97.2,96.9,94.6,93.9,93.4,92.6,90.5,89.8
Asia Pacific,Coffee,Grocery Retailers,Retail Volume,94.4,94.7,94.8,94.8,94.5,92.2,91.6,91.1,90.5,88.6,88.0
Asia Pacific,Coffee,Convenience Retailers,Retail Volume,9.0,9.0,9.0,9.0,9.0,8.9,9.0,8.6,8.6,8.6,8.2
Asia Pacific,Coffee,Convenience Stores,Retail Volume,7.7,7.8,7.9,8.0,8.0,8.0,8.1,7.7,7.7,7.7,7.3
Asia Pacific,Coffee,Forecourt Retailers,Retail Volume,1.3,1.2,1.1,1.0,1.0,1.0,0.9,0.9,0.9,0.9,0.9
Asia Pacific,Coffee,Supermarkets,Retail Volume,17.5,17.2,17.0,17.0,16.6,16.5,16.4,16.5,16.2,16.0,15.7
Asia Pacific,Coffee,Hypermarkets,Retail Volume,17.6,17.9,17.6,17.8,17.3,16.3,16.1,14.9,12.4,9.1,8.2
Asia Pacific,Coffee,Discounters,Retail Volume,0.0,0.0,0.0,0.0,0.0,0.1,0.1,0.1,0.1,0.1,0.1
Asia Pacific,Coffee,Warehouse Clubs,Retail Volume,0.4,0.4,0.4,0.4,0.3,0.3,0.3,0.3,0.3,0.3,0.3
Asia Pacific,Coffee,Food/drink/tobacco specialists,Retail Volume,0.7,0.7,0.7,0.7,0.7,0.7,0.7,0.7,0.7,0.7,0.6
Asia Pacific,Coffee,Small Local Grocers,Retail Volume,49.2,49.5,50.1,49.9,50.5,49.4,49.0,50.1,52.3,53.9,55.0
Asia Pacific,Coffee,Non-Grocery Retailers,Retail Volume,2.6,2.6,2.4,2.3,2.2,2.2,2.2,2.0,1.9,1.7,1.6
Asia Pacific,Coffee,General Merchandise Stores,Retail Volume,1.8,1.7,1.6,1.5,1.4,1.5,1.5,1.3,1.2,1.1,1.0
Asia Pacific,Coffee,Health and Beauty Specialists,Retail Volume,0.8,0.8,0.8,0.8,0.7,0.7,0.7,0.7,0.7,0.7,0.6
Asia Pacific,Coffee,Other Non-Grocery Retailers,Retail Volume,0.0,0.0,0.0,0.0,0.0,0.0,0.0,0.0,0.0,0.0,0.0
Asia Pacific,Coffee,Vending,Retail Volume,0.1,0.1,0.1,0.1,0.1,0.1,0.1,0.1,0.1,0.1,0.1
Asia Pacific,Coffee,Direct Selling,Retail Volume,0.7,0.3,0.2,0.1,0.1,0.1,0.1,0.1,0.1,0.1,0.1
Asia Pacific,Coffee,Retail E-Commerce,Retail Volume,2.1,2.3,2.6,2.8,3.1,5.4,6.1,6.6,7.4,9.5,10.2
Asia Pacific,Coffee,Total,Retail Volume,100.0,100.0,100.0,100.0,100.0,100.0,100.0,100.0,100.0,100.0,100.0
Asia Pacific,RTD Coffee,Retail Channels,Off-trade Volume,100.0,100.0,100.0,100.0,100.0,100.0,100.0,100.0,100.0,100.0,100.0
Asia Pacific,RTD Coffee,Retail Offline,Off-trade Volume,99.0,98.8,98.8,98.8,98.3,97.3,96.8,96.2,96.3,96.1,95.8
Asia Pacific,RTD Coffee,Grocery Retailers,Off-trade Volume,63.4,63.8,64.7,66.7,67.5,66.9,66.3,66.1,66.2,66.7,66.5
Asia Pacific,RTD Coffee,Convenience Retailers,Off-trade Volume,21.9,22.2,22.9,24.4,26.2,26.9,26.5,27.2,27.0,27.5,28.0
Asia Pacific,RTD Coffee,Convenience Stores,Off-trade Volume,21.2,21.5,22.1,23.6,25.4,26.0,25.6,26.3,26.2,26.5,27.1
Asia Pacific,RTD Coffee,Forecourt Retailers,Off-trade Volume,0.7,0.8,0.8,0.8,0.8,0.9,0.9,0.9,0.9,0.9,0.9
Asia Pacific,RTD Coffee,Supermarkets,Off-trade Volume,22.2,22.3,22.2,21.6,21.1,20.7,21.1,20.4,20.4,20.3,19.5
Asia Pacific,RTD Coffee,Hypermarkets,Off-trade Volume,8.1,8.1,8.2,8.3,8.2,7.4,7.1,6.8,6.7,6.5,6.3
Asia Pacific,RTD Coffee,Discounters,Off-trade Volume,0.1,0.0,0.0,0.0,0.0,0.0,0.0,0.0,0.0,0.0,0.0
Asia Pacific,RTD Coffee,Warehouse Clubs,Off-trade Volume,1.4,1.3,1.3,1.2,1.2,1.3,1.3,1.3,1.2,1.2,1.3
Asia Pacific,RTD Coffee,Food/drink/tobacco specialists,Off-trade Volume,0.0,0.0,0.0,0.0,0.0,0.0,0.0,0.0,0.0,0.0,0.0
Asia Pacific,RTD Coffee,Small Local Grocers,Off-trade Volume,9.8,9.8,10.1,11.1,10.7,10.6,10.3,10.3,10.7,11.2,11.4
Asia Pacific,RTD Coffee,Non-Grocery Retailers,Off-trade Volume,14.0,14.1,14.0,13.1,12.5,13.3,13.5,13.2,13.2,13.0,13.4
Asia Pacific,RTD Coffee,General Merchandise Stores,Off-trade Volume,6.4,6.3,6.2,5.8,5.5,6.0,6.0,5.7,5.7,5.4,5.5
Asia Pacific,RTD Coffee,Health and Beauty Specialists,Off-trade Volume,7.6,7.8,7.8,7.2,7.0,7.3,7.5,7.5,7.5,7.6,7.9
Asia Pacific,RTD Coffee,Other Non-Grocery Retailers,Off-trade Volume,0.0,0.0,0.0,0.0,0.0,0.0,0.0,0.0,0.0,0.0,0.0
Asia Pacific,RTD Coffee,Vending,Off-trade Volume,21.6,20.9,20.0,19.0,18.2,17.1,17.0,16.9,16.9,16.4,16.0
Asia Pacific,RTD Coffee,Retail E-Commerce,Off-trade Volume,1.0,1.2,1.2,1.2,1.7,2.7,3.2,3.8,3.7,3.9,4.2
Asia Pacific,RTD Coffee,Total,Off-trade Volume,100.0,100.0,100.0,100.0,100.0,100.0,100.0,100.0,100.0,100.0,100.0
China,Coffee,Retail Channels,Retail Volume,100.0,100.0,100.0,100.0,100.0,100.0,100.0,100.0,100.0,100.0,100.0
China,Coffee,Retail Offline,Retail Volume,89.2,85.9,82.2,78.5,74.2,70.5,66.7,61.5,57.3,53.6,53.3
China,Coffee,Grocery Retailers,Retail Volume,89.2,85.9,82.1,78.5,74.2,70.5,66.7,61.5,57.3,53.6,53.3
China,Coffee,Convenience Retailers,Retail Volume,5.4,5.5,5.5,5.5,5.5,5.5,5.5,5.1,5.3,5.5,5.5
China,Coffee,Convenience Stores,Retail Volume,5.4,5.5,5.5,5.5,5.5,5.5,5.5,5.1,5.3,5.5,5.5
China,Coffee,Supermarkets,Retail Volume,31.6,30.8,30.1,29.4,28.2,27.0,25.8,23.7,22.0,20.6,20.5
China,Coffee,Hypermarkets,Retail Volume,42.5,40.9,39.3,37.6,35.7,33.9,31.9,29.8,27.0,24.5,24.1
China,Coffee,Small Local Grocers,Retail Volume,9.6,8.7,7.3,5.9,4.8,4.1,3.5,2.9,3.0,3.1,3.2
China,Coffee,Non-Grocery Retailers,Retail Volume,0.0,0.0,0.0,0.0,0.0,0.0,0.0,0.0,0.0,0.0,0.0
China,Coffee,Other Non-Grocery Retailers,Retail Volume,0.0,0.0,0.0,0.0,0.0,0.0,0.0,0.0,0.0,0.0,0.0
China,Coffee,Vending,Retail Volume,0.0,0.0,0.0,0.0,0.0,0.0,0.0,0.0,0.0,0.0,0.0
China,Coffee,Retail E-Commerce,Retail Volume,10.8,14.1,17.8,21.5,25.8,29.5,33.3,38.5,42.7,46.4,46.7
China,Coffee,Total,Retail Volume,100.0,100.0,100.0,100.0,100.0,100.0,100.0,100.0,100.0,100.0,100.0
China,RTD Coffee,Retail Channels,Off-trade Volume,100.0,100.0,100.0,100.0,100.0,100.0,100.0,100.0,100.0,100.0,100.0
China,RTD Coffee,Retail Offline,Off-trade Volume,98.1,98.0,97.8,97.7,97.7,96.4,96.4,94.3,94.5,94.1,93.6
China,RTD Coffee,Grocery Retailers,Off-trade Volume,96.5,96.2,96.0,95.7,95.6,93.5,93.6,91.7,91.9,91.3,90.7
China,RTD Coffee,Convenience Retailers,Off-trade Volume,9.2,9.7,10.1,10.6,11.9,18.8,19.3,18.4,19.9,20.4,20.7
China,RTD Coffee,Convenience Stores,Off-trade Volume,6.5,7.2,7.5,8.0,9.0,14.5,15.0,14.2,15.7,16.3,16.7
China,RTD Coffee,Forecourt Retailers,Off-trade Volume,2.7,2.6,2.5,2.6,2.9,4.3,4.4,4.2,4.2,4.2,4.0
China,RTD Coffee,Supermarkets,Off-trade Volume,36.6,36.5,36.4,36.4,36.3,19.1,20.1,21.8,20.8,19.7,18.9
China,RTD Coffee,Hypermarkets,Off-trade Volume,13.9,13.8,13.7,13.6,13.4,8.7,8.5,8.3,8.2,8.1,8.0
China,RTD Coffee,Discounters,Off-trade Volume,0.9,0.6,0.5,0.4,0.4,0.6,0.5,0.5,0.5,0.5,0.5
China,RTD Coffee,Small Local Grocers,Off-trade Volume,36.0,35.7,35.3,34.6,33.6,46.3,45.1,42.7,42.5,42.6,42.6
China,RTD Coffee,Non-Grocery Retailers,Off-trade Volume,0.0,0.0,0.0,0.0,0.0,0.0,0.0,0.0,0.0,0.0,0.0
China,RTD Coffee,Other Non-Grocery Retailers,Off-trade Volume,0.0,0.0,0.0,0.0,0.0,0.0,0.0,0.0,0.0,0.0,0.0
China,RTD Coffee,Vending,Off-trade Volume,1.6,1.7,1.9,2.0,2.1,2.9,2.8,2.6,2.5,2.7,2.9
China,RTD Coffee,Retail E-Commerce,Off-trade Volume,1.9,2.0,2.2,2.3,2.3,3.6,3.6,5.7,5.5,5.9,6.4
China,RTD Coffee,Total,Off-trade Volume,100.0,100.0,100.0,100.0,100.0,100.0,100.0,100.0,100.0,100.0,100.0
India,Coffee,Retail Channels,Retail Volume,100.0,100.0,100.0,100.0,100.0,100.0,100.0,100.0,100.0,100.0,100.0
India,Coffee,Retail Offline,Retail Volume,100.0,100.0,99.8,99.6,99.4,98.5,97.5,96.3,95.5,94.6,93.3
India,Coffee,Grocery Retailers,Retail Volume,100.0,100.0,99.8,99.6,99.4,98.5,97.5,96.3,95.5,94.6,93.3
India,Coffee,Convenience Retailers,Retail Volume,1.9,2.0,2.0,1.9,2.0,1.6,1.6,1.6,1.6,1.6,1.6
India,Coffee,Convenience Stores,Retail Volume,1.7,1.8,1.8,1.7,1.7,1.5,1.5,1.5,1.5,1.5,1.4
India,Coffee,Forecourt Retailers,Retail Volume,0.2,0.2,0.2,0.2,0.2,0.1,0.1,0.1,0.1,0.1,0.1
India,Coffee,Supermarkets,Retail Volume,9.2,9.2,9.2,9.2,9.2,9.1,9.1,9.1,9.1,9.1,9.1
India,Coffee,Hypermarkets,Retail Volume,6.9,7.0,7.1,7.1,7.1,7.1,7.1,7.1,7.1,7.1,7.1
India,Coffee,Small Local Grocers,Retail Volume,82.0,81.9,81.6,81.4,81.2,80.7,79.6,78.5,77.7,76.8,75.5
India,Coffee,Retail E-Commerce,Retail Volume,0.2,0.2,0.2,0.4,0.6,1.4,2.5,3.7,4.5,5.4,6.7
India,Coffee,Total,Retail Volume,100.0,100.0,100.0,100.0,100.0,100.0,100.0,100.0,100.0,100.0,100.0
Japan,Coffee,Retail Channels,Retail Volume,100.0,100.0,100.0,100.0,100.0,100.0,100.0,100.0,100.0,100.0,100.0
Japan,Coffee,Retail Offline,Retail Volume,91.3,91.0,90.7,90.6,90.5,90.4,89.6,88.7,88.2,87.9,87.6
Japan,Coffee,Grocery Retailers,Retail Volume,69.9,69.4,69.3,69.8,70.0,69.9,69.0,68.2,67.6,67.9,67.7
Japan,Coffee,Convenience Retailers,Retail Volume,2.9,3.1,3.1,3.3,3.4,3.2,3.1,3.1,3.0,2.9,2.8
Japan,Coffee,Convenience Stores,Retail Volume,2.9,3.1,3.1,3.3,3.4,3.2,3.1,3.1,3.0,2.9,2.8
Japan,Coffee,Supermarkets,Retail Volume,45.9,45.6,46.0,46.9,47.4,47.7,47.0,46.5,46.1,46.4,46.4
Japan,Coffee,Hypermarkets,Retail Volume,11.8,11.7,11.4,11.0,10.7,10.8,10.6,10.5,10.4,10.5,10.5
Japan,Coffee,Warehouse Clubs,Retail Volume,2.9,2.9,2.9,2.8,2.7,2.7,2.7,2.7,2.8,2.8,2.8
Japan,Coffee,Small Local Grocers,Retail Volume,6.3,6.1,5.9,5.9,5.8,5.6,5.5,5.5,5.4,5.3,5.3
Japan,Coffee,Non-Grocery Retailers,Retail Volume,20.6,20.8,20.5,20.1,19.7,19.8,20.0,19.7,19.9,19.3,19.2
Japan,Coffee,General Merchandise Stores,Retail Volume,14.7,14.7,14.3,13.8,13.4,13.5,13.4,13.3,13.2,12.6,12.4
Japan,Coffee,Health and Beauty Specialists,Retail Volume,5.9,6.2,6.2,6.3,6.4,6.4,6.6,6.5,6.6,6.7,6.8
Japan,Coffee,Vending,Retail Volume,0.8,0.8,0.8,0.8,0.8,0.7,0.7,0.7,0.8,0.8,0.7
Japan,Coffee,Retail E-Commerce,Retail Volume,8.7,9.0,9.3,9.4,9.5,9.6,10.4,11.3,11.8,12.1,12.4
Japan,Coffee,Total,Retail Volume,100.0,100.0,100.0,100.0,100.0,100.0,100.0,100.0,100.0,100.0,100.0
Japan,RTD Coffee,Retail Channels,Off-trade Volume,100.0,100.0,100.0,100.0,100.0,100.0,100.0,100.0,100.0,100.0,100.0
Japan,RTD Coffee,Retail Offline,Off-trade Volume,99.5,99.4,99.4,99.4,99.4,99.4,99.3,99.2,99.2,99.0,98.8
Japan,RTD Coffee,Grocery Retailers,Off-trade Volume,55.1,55.1,55.3,56.6,57.4,58.1,57.5,57.1,57.0,57.3,56.8
Japan,RTD Coffee,Convenience Retailers,Off-trade Volume,18.8,19.0,19.2,20.4,22.5,21.4,20.4,20.9,20.9,21.4,21.8
Japan,RTD Coffee,Convenience Stores,Off-trade Volume,18.8,19.0,19.2,20.4,22.5,21.4,20.4,20.9,20.9,21.4,21.8
Japan,RTD Coffee,Supermarkets,Off-trade Volume,23.5,23.6,23.6,22.9,22.6,24.5,24.8,24.2,24.1,24.0,23.2
Japan,RTD Coffee,Hypermarkets,Off-trade Volume,6.1,6.1,6.1,5.9,5.8,6.3,6.4,6.2,6.2,6.2,6.0
Japan,RTD Coffee,Warehouse Clubs,Off-trade Volume,1.5,1.5,1.5,1.5,1.4,1.6,1.6,1.6,1.6,1.7,1.7
Japan,RTD Coffee,Small Local Grocers,Off-trade Volume,5.2,4.9,4.9,5.8,5.0,4.4,4.3,4.2,4.2,4.1,4.1
Japan,RTD Coffee,Non-Grocery Retailers,Off-trade Volume,17.1,17.4,17.7,17.1,16.8,17.7,18.3,18.3,18.3,18.3,19.1
Japan,RTD Coffee,General Merchandise Stores,Off-trade Volume,7.6,7.6,7.6,7.4,7.2,7.8,8.0,7.7,7.7,7.4,7.7
Japan,RTD Coffee,Health and Beauty Specialists,Off-trade Volume,9.5,9.8,10.1,9.6,9.5,9.9,10.3,10.6,10.6,10.9,11.4
Japan,RTD Coffee,Vending,Off-trade Volume,27.3,26.9,26.3,25.8,25.3,23.5,23.5,23.8,23.8,23.4,22.9
Japan,RTD Coffee,Retail E-Commerce,Off-trade Volume,0.5,0.6,0.6,0.6,0.6,0.6,0.7,0.8,0.8,1.0,1.2
Japan,RTD Coffee,Total,Off-trade Volume,100.0,100.0,100.0,100.0,100.0,100.0,100.0,100.0,100.0,100.0,100.0
Thailand,Coffee,Retail Channels,Retail Volume,100.0,100.0,100.0,100.0,100.0,100.0,100.0,100.0,100.0,100.0,100.0
Thailand,Coffee,Retail Offline,Retail Volume,98.5,98.5,98.5,98.4,98.4,97.8,97.5,97.3,97.3,97.0,96.5
Thailand,Coffee,Grocery Retailers,Retail Volume,98.5,98.5,98.5,98.4,98.4,97.8,97.5,97.3,97.3,97.0,96.5
Thailand,Coffee,Convenience Retailers,Retail Volume,28.9,29.0,29.0,29.0,29.3,28.8,29.1,29.3,29.5,29.5,29.0
Thailand,Coffee,Convenience Stores,Retail Volume,16.4,16.5,16.5,16.4,16.7,16.3,16.5,16.6,16.7,16.7,16.3
Thailand,Coffee,Forecourt Retailers,Retail Volume,12.5,12.6,12.5,12.5,12.6,12.5,12.6,12.7,12.8,12.9,12.7
Thailand,Coffee,Supermarkets,Retail Volume,5.7,5.7,5.8,5.8,6.7,6.4,6.5,6.7,7.0,7.0,7.3
Thailand,Coffee,Hypermarkets,Retail Volume,23.3,23.3,23.3,23.3,24.7,24.3,24.6,24.7,24.7,24.6,24.5
Thailand,Coffee,Small Local Grocers,Retail Volume,40.6,40.4,40.4,40.3,37.7,38.4,37.3,36.6,36.2,35.9,35.6
Thailand,Coffee,Non-Grocery Retailers,Retail Volume,0.0,0.0,0.0,0.0,0.0,0.0,0.0,0.0,0.0,0.0,0.0
Thailand,Coffee,Other Non-Grocery Retailers,Retail Volume,0.0,0.0,0.0,0.0,0.0,0.0,0.0,0.0,0.0,0.0,0.0
Thailand,Coffee,Retail E-Commerce,Retail Volume,1.5,1.5,1.5,1.6,1.6,2.2,2.5,2.7,2.7,3.0,3.5
Thailand,Coffee,Total,Retail Volume,100.0,100.0,100.0,100.0,100.0,100.0,100.0,100.0,100.0,100.0,100.0
Thailand,RTD Coffee,Retail Channels,Off-trade Volume,100.0,100.0,100.0,100.0,100.0,100.0,100.0,100.0,100.0,100.0,100.0
Thailand,RTD Coffee,Retail Offline,Off-trade Volume,98.6,98.6,98.6,98.6,98.6,98.1,98.8,98.1,97.9,97.9,97.9
Thailand,RTD Coffee,Grocery Retailers,Off-trade Volume,91.2,91.2,91.3,91.4,91.7,90.8,91.7,91.8,91.8,92.9,91.5
Thailand,RTD Coffee,Convenience Retailers,Off-trade Volume,29.1,29.1,28.8,28.2,27.4,26.0,28.5,29.0,29.4,30.0,30.1
Thailand,RTD Coffee,Convenience Stores,Off-trade Volume,16.6,16.6,16.6,16.1,15.6,14.7,17.3,17.9,18.2,18.6,19.0
Thailand,RTD Coffee,Forecourt Retailers,Off-trade Volume,12.5,12.5,12.2,12.1,11.8,11.3,11.2,11.1,11.2,11.4,11.0
Thailand,RTD Coffee,Supermarkets,Off-trade Volume,5.6,5.6,5.5,5.4,5.1,4.9,4.8,4.9,5.0,5.1,5.0
Thailand,RTD Coffee,Hypermarkets,Off-trade Volume,23.1,23.1,23.6,23.7,23.3,23.1,22.1,22.1,22.0,22.2,22.1
Thailand,RTD Coffee,Small Local Grocers,Off-trade Volume,33.5,33.4,33.4,34.1,35.9,36.8,36.2,35.8,35.4,35.5,34.3
Thailand,RTD Coffee,Non-Grocery Retailers,Off-trade Volume,0.0,0.0,0.0,0.0,0.0,0.0,0.0,0.0,0.0,0.0,0.0
Thailand,RTD Coffee,Other Non-Grocery Retailers,Off-trade Volume,0.0,0.0,0.0,0.0,0.0,0.0,0.0,0.0,0.0,0.0,0.0
Thailand,RTD Coffee,Vending,Off-trade Volume,7.4,7.4,7.3,7.1,6.9,7.2,7.1,6.3,6.1,5.1,6.4
Thailand,RTD Coffee,Retail E-Commerce,Off-trade Volume,1.3,1.4,1.4,1.4,1.4,1.9,1.2,1.9,2.1,2.1,2.1
Thailand,RTD Coffee,Total,Off-trade Volume,100.0,100.0,100.0,100.0,100.0,100.0,100.0,100.0,100.0,100.0,100.0
Australasia,Coffee,Retail Channels,Retail Volume,100.0,100.0,100.0,100.0,100.0,100.0,100.0,100.0,100.0,100.0,100.0
Australasia,Coffee,Retail Offline,Retail Volume,95.4,94.9,94.4,94.3,94.2,90.7,88.2,87.9,86.9,85.8,85.2
Australasia,Coffee,Grocery Retailers,Retail Volume,95.2,94.7,94.2,94.1,93.9,90.6,88.0,87.6,86.5,85.5,84.9
Australasia,Coffee,Convenience Retailers,Retail Volume,5.1,5.4,5.7,5.9,6.3,5.2,4.6,4.9,5.1,5.1,4.8
Australasia,Coffee,Convenience Stores,Retail Volume,2.4,2.6,2.8,3.0,3.4,2.8,2.5,2.7,2.8,2.8,2.4
Australasia,Coffee,Forecourt Retailers,Retail Volume,2.7,2.8,2.8,2.9,2.9,2.4,2.1,2.2,2.3,2.4,2.4
Australasia,Coffee,Supermarkets,Retail Volume,76.3,74.6,73.3,71.4,70.8,69.4,67.8,66.8,65.5,64.7,64.5
Australasia,Coffee,Hypermarkets,Retail Volume,0.0,0.0,0.0,0.0,0.0,0.0,0.0,0.0,0.0,0.0,0.0
Australasia,Coffee,Discounters,Retail Volume,11.5,12.3,12.6,13.3,13.7,12.7,12.3,12.3,12.4,12.4,12.6
Australasia,Coffee,Warehouse Clubs,Retail Volume,0.3,0.3,0.3,0.3,0.3,0.3,0.3,0.3,0.2,0.2,0.2
Australasia,Coffee,Small Local Grocers,Retail Volume,2.4,2.5,2.6,3.5,3.1,3.2,3.3,3.4,3.3,3.1,2.8
Australasia,Coffee,Non-Grocery Retailers,Retail Volume,0.1,0.1,0.1,0.1,0.1,0.1,0.1,0.1,0.1,0.1,0.1
Australasia,Coffee,Health and Beauty Specialists,Retail Volume,0.1,0.1,0.1,0.1,0.1,0.1,0.1,0.1,0.1,0.1,0.1
Australasia,Coffee,Vending,Retail Volume,0.1,0.1,0.1,0.1,0.1,0.1,0.1,0.3,0.3,0.3,0.3
Australasia,Coffee,Retail E-Commerce,Retail Volume,4.6,5.1,5.6,5.7,5.8,9.3,11.8,12.1,13.1,14.2,14.8
Australasia,Coffee,Total,Retail Volume,100.0,100.0,100.0,100.0,100.0,100.0,100.0,100.0,100.0,100.0,100.0
Australasia,RTD Coffee,Retail Channels,Off-trade Volume,100.0,100.0,100.0,100.0,100.0,100.0,100.0,100.0,100.0,100.0,100.0
Australasia,RTD Coffee,Retail Offline,Off-trade Volume,95.8,95.6,94.7,94.1,93.0,90.6,90.6,89.4,89.6,89.5,89.2
Australasia,RTD Coffee,Grocery Retailers,Off-trade Volume,94.9,94.7,93.7,93.1,92.1,90.0,90.1,89.0,89.2,89.2,88.9
Australasia,RTD Coffee,Convenience Retailers,Off-trade Volume,34.5,34.1,33.5,32.5,31.6,32.2,31.2,31.3,31.3,31.5,31.7
Australasia,RTD Coffee,Convenience Stores,Off-trade Volume,8.1,8.0,8.1,8.2,8.2,5.6,5.1,5.2,5.2,5.3,5.1
Australasia,RTD Coffee,Forecourt Retailers,Off-trade Volume,26.4,26.1,25.4,24.3,23.4,26.6,26.1,26.1,26.0,26.2,26.6
Australasia,RTD Coffee,Supermarkets,Off-trade Volume,54.4,55.1,54.9,55.5,55.1,51.5,50.9,49.3,50.2,50.7,50.9
Australasia,RTD Coffee,Discounters,Off-trade Volume,1.2,1.2,1.2,1.2,1.3,1.2,1.2,1.2,1.2,1.2,1.1
Australasia,RTD Coffee,Small Local Grocers,Off-trade Volume,4.8,4.3,4.2,3.9,4.0,5.1,6.8,7.2,6.5,5.8,5.2
Australasia,RTD Coffee,Vending,Off-trade Volume,0.9,0.9,0.9,0.9,0.9,0.6,0.5,0.4,0.4,0.3,0.3
Australasia,RTD Coffee,Retail E-Commerce,Off-trade Volume,4.2,4.4,5.3,5.9,7.0,9.4,9.4,10.6,10.4,10.5,10.8
Australasia,RTD Coffee,Total,Off-trade Volume,100.0,100.0,100.0,100.0,100.0,100.0,100.0,100.0,100.0,100.0,100.0
Australia,Coffee,Retail Channels,Retail Volume,100.0,100.0,100.0,100.0,100.0,100.0,100.0,100.0,100.0,100.0,100.0
Australia,Coffee,Retail Offline,Retail Volume,95.3,94.7,94.1,94.0,93.9,89.9,87.1,87.0,85.9,84.8,84.2
Australia,Coffee,Grocery Retailers,Retail Volume,95.3,94.7,94.1,94.0,93.9,89.9,87.1,87.0,85.9,84.8,84.2
Australia,Coffee,Convenience Retailers,Retail Volume,5.4,5.7,6.1,6.4,6.9,5.9,5.1,5.4,5.7,5.7,5.3
Australia,Coffee,Convenience Stores,Retail Volume,2.4,2.7,2.9,3.2,3.6,3.1,2.7,2.9,3.0,3.0,2.6
Australia,Coffee,Forecourt Retailers,Retail Volume,3.0,3.0,3.2,3.2,3.2,2.8,2.4,2.6,2.7,2.7,2.7
Australia,Coffee,Supermarkets,Retail Volume,74.8,72.7,71.2,68.9,67.9,65.7,63.9,63.4,62.0,61.1,61.1
Australia,Coffee,Discounters,Retail Volume,13.0,14.0,14.5,15.5,15.9,14.9,14.5,14.5,14.6,14.6,14.8
Australia,Coffee,Small Local Grocers,Retail Volume,2.1,2.3,2.3,3.4,3.2,3.4,3.6,3.7,3.6,3.4,2.9
Australia,Coffee,Retail E-Commerce,Retail Volume,4.7,5.3,5.9,6.0,6.1,10.1,12.9,13.0,14.1,15.2,15.8
Australia,Coffee,Total,Retail Volume,100.0,100.0,100.0,100.0,100.0,100.0,100.0,100.0,100.0,100.0,100.0
Australia,RTD Coffee,Retail Channels,Off-trade Volume,100.0,100.0,100.0,100.0,100.0,100.0,100.0,100.0,100.0,100.0,100.0
Australia,RTD Coffee,Retail Offline,Off-trade Volume,95.7,95.5,94.5,93.9,92.8,90.4,90.3,89.0,89.2,89.2,88.9
Australia,RTD Coffee,Grocery Retailers,Off-trade Volume,94.8,94.6,93.6,92.9,91.9,89.8,89.8,88.6,88.8,88.8,88.5
Australia,RTD Coffee,Convenience Retailers,Off-trade Volume,35.1,35.0,34.1,33.3,32.4,32.8,32.1,32.4,32.5,32.8,32.9
Australia,RTD Coffee,Convenience Stores,Off-trade Volume,8.2,8.1,8.2,8.3,8.4,5.6,5.2,5.3,5.3,5.3,5.1
Australia,RTD Coffee,Forecourt Retailers,Off-trade Volume,26.8,26.8,25.8,25.0,24.0,27.2,27.0,27.2,27.2,27.5,27.8
Australia,RTD Coffee,Supermarkets,Off-trade Volume,53.6,54.0,54.0,54.4,54.0,50.5,49.4,47.4,48.2,48.6,49.0
Australia,RTD Coffee,Discounters,Off-trade Volume,1.2,1.2,1.2,1.2,1.4,1.3,1.3,1.3,1.3,1.2,1.2
Australia,RTD Coffee,Small Local Grocers,Off-trade Volume,4.9,4.4,4.3,4.0,4.1,5.2,7.0,7.5,6.8,6.1,5.4
Australia,RTD Coffee,Vending,Off-trade Volume,1.0,1.0,0.9,1.0,1.0,0.6,0.5,0.4,0.4,0.4,0.3
Australia,RTD Coffee,Retail E-Commerce,Off-trade Volume,4.3,4.5,5.5,6.1,7.2,9.6,9.7,11.0,10.8,10.8,11.1
Australia,RTD Coffee,Total,Off-trade Volume,100.0,100.0,100.0,100.0,100.0,100.0,100.0,100.0,100.0,100.0,100.0
Eastern Europe,Coffee,Retail Channels,Retail Volume,100.0,100.0,100.0,100.0,100.0,100.0,100.0,100.0,100.0,100.0,100.0
Eastern Europe,Coffee,Retail Offline,Retail Volume,99.5,99.4,99.4,99.1,99.0,98.0,97.2,95.5,94.1,92.9,92.5
Eastern Europe,Coffee,Grocery Retailers,Retail Volume,96.7,96.4,96.3,95.8,95.4,94.9,93.7,91.9,90.4,89.1,88.4
Eastern Europe,Coffee,Convenience Retailers,Retail Volume,12.8,13.1,13.3,13.5,14.3,14.3,15.2,15.1,15.0,15.2,15.5
Eastern Europe,Coffee,Convenience Stores,Retail Volume,11.9,12.1,12.3,12.5,13.3,13.4,14.2,14.1,14.1,14.3,14.5
Eastern Europe,Coffee,Forecourt Retailers,Retail Volume,0.9,0.9,1.0,1.0,1.0,0.9,0.9,0.9,0.9,0.9,0.9
Eastern Europe,Coffee,Supermarkets,Retail Volume,28.5,28.4,28.7,29.5,29.4,30.6,30.2,29.4,29.2,29.0,29.1
Eastern Europe,Coffee,Hypermarkets,Retail Volume,17.7,18.0,18.0,17.9,17.6,16.3,15.6,15.0,14.5,13.9,13.3
Eastern Europe,Coffee,Discounters,Retail Volume,9.4,10.1,10.9,11.2,11.9,14.0,14.6,15.2,15.8,16.4,16.6
Eastern Europe,Coffee,Food/drink/tobacco specialists,Retail Volume,1.6,1.6,1.7,1.7,1.8,1.9,2.0,2.0,2.1,2.1,2.1
Eastern Europe,Coffee,Small Local Grocers,Retail Volume,26.6,25.3,23.7,22.1,20.4,17.8,16.2,15.3,13.9,12.6,11.8
Eastern Europe,Coffee,Non-Grocery Retailers,Retail Volume,0.5,0.5,0.5,0.5,0.5,0.5,0.5,0.6,0.5,0.5,0.8
Eastern Europe,Coffee,General Merchandise Stores,Retail Volume,0.2,0.2,0.2,0.2,0.2,0.2,0.2,0.2,0.2,0.2,0.2
Eastern Europe,Coffee,Health and Beauty Specialists,Retail Volume,0.3,0.3,0.3,0.3,0.3,0.3,0.4,0.4,0.4,0.4,0.6
Eastern Europe,Coffee,Vending,Retail Volume,2.2,2.4,2.5,2.8,3.1,2.6,3.0,3.0,3.1,3.2,3.3
Eastern Europe,Coffee,Direct Selling,Retail Volume,0.0,0.0,0.0,0.0,0.0,0.0,0.0,0.0,0.0,0.0,0.0
Eastern Europe,Coffee,Retail E-Commerce,Retail Volume,0.5,0.6,0.6,0.9,1.0,2.0,2.8,4.5,5.9,7.1,7.5
Eastern Europe,Coffee,Total,Retail Volume,100.0,100.0,100.0,100.0,100.0,100.0,100.0,100.0,100.0,100.0,100.0
Eastern Europe,RTD Coffee,Retail Channels,Off-trade Volume,100.0,100.0,100.0,100.0,100.0,100.0,100.0,100.0,100.0,100.0,100.0
Eastern Europe,RTD Coffee,Retail Offline,Off-trade Volume,99.8,99.7,99.6,99.6,99.5,98.8,98.6,98.4,98.3,98.1,97.9
Eastern Europe,RTD Coffee,Grocery Retailers,Off-trade Volume,98.2,98.1,98.0,97.9,98.0,97.3,97.0,96.6,96.4,96.4,96.2
Eastern Europe,RTD Coffee,Convenience Retailers,Off-trade Volume,45.9,47.1,46.6,42.7,40.3,36.6,37.0,37.2,35.4,36.6,37.0
Eastern Europe,RTD Coffee,Convenience Stores,Off-trade Volume,12.0,12.5,12.8,15.3,15.8,16.4,17.1,17.1,16.0,16.8,17.1
Eastern Europe,RTD Coffee,Forecourt Retailers,Off-trade Volume,33.9,34.6,33.8,27.4,24.5,20.2,19.9,20.1,19.4,19.8,19.9
Eastern Europe,RTD Coffee,Supermarkets,Off-trade Volume,12.2,12.3,12.8,14.8,15.9,17.8,17.5,17.2,16.8,17.0,17.1
Eastern Europe,RTD Coffee,Hypermarkets,Off-trade Volume,21.4,20.8,20.9,22.3,22.7,22.9,21.6,20.9,20.9,19.7,19.3
Eastern Europe,RTD Coffee,Discounters,Off-trade Volume,9.5,9.6,10.0,10.5,11.6,13.5,14.5,15.3,16.8,17.0,17.0
Eastern Europe,RTD Coffee,Food/drink/tobacco specialists,Off-trade Volume,1.0,1.0,1.0,0.9,0.9,0.9,1.1,1.1,1.1,1.1,1.1
Eastern Europe,RTD Coffee,Small Local Grocers,Off-trade Volume,8.2,7.2,6.7,6.7,6.6,5.7,5.3,5.0,5.4,5.0,4.7
Eastern Europe,RTD Coffee,Non-Grocery Retailers,Off-trade Volume,0.6,0.6,0.6,0.5,0.4,0.5,0.5,0.5,0.5,0.5,0.5
Eastern Europe,RTD Coffee,General Merchandise Stores,Off-trade Volume,0.3,0.2,0.2,0.1,0.0,0.0,0.0,0.0,0.0,0.0,0.0
Eastern Europe,RTD Coffee,Health and Beauty Specialists,Off-trade Volume,0.3,0.3,0.4,0.4,0.4,0.5,0.5,0.5,0.5,0.5,0.5
Eastern Europe,RTD Coffee,Other Non-Grocery Retailers,Off-trade Volume,0.0,0.0,0.0,0.0,0.0,0.0,0.0,0.0,0.0,0.0,0.0
Eastern Europe,RTD Coffee,Vending,Off-trade Volume,1.0,1.1,1.1,1.1,1.2,0.9,1.1,1.3,1.4,1.2,1.2
Eastern Europe,RTD Coffee,Retail E-Commerce,Off-trade Volume,0.2,0.3,0.4,0.4,0.5,1.2,1.4,1.6,1.7,1.9,2.1
Eastern Europe,RTD Coffee,Total,Off-trade Volume,100.0,100.0,100.0,100.0,100.0,100.0,100.0,100.0,100.0,100.0,100.0
Latin America,Coffee,Retail Channels,Retail Volume,100.0,100.0,100.0,100.0,100.0,100.0,100.0,100.0,100.0,100.0,100.0
Latin America,Coffee,Retail Offline,Retail Volume,99.7,99.7,99.7,99.6,99.6,98.9,98.8,98.7,98.6,98.6,98.6
Latin America,Coffee,Grocery Retailers,Retail Volume,97.8,97.7,97.6,97.6,97.5,96.8,96.7,96.7,96.7,96.7,96.7
Latin America,Coffee,Convenience Retailers,Retail Volume,1.1,1.1,1.1,1.1,1.1,1.1,1.1,1.2,1.3,1.4,1.4
Latin America,Coffee,Convenience Stores,Retail Volume,0.6,0.6,0.6,0.6,0.6,0.6,0.6,0.7,0.8,0.9,0.9
Latin America,Coffee,Forecourt Retailers,Retail Volume,0.5,0.5,0.5,0.5,0.5,0.5,0.5,0.5,0.5,0.5,0.5
Latin America,Coffee,Supermarkets,Retail Volume,32.9,32.7,32.7,32.6,32.5,33.1,32.8,32.5,33.8,34.2,34.6
Latin America,Coffee,Hypermarkets,Retail Volume,30.3,30.2,30.2,30.3,30.3,28.0,27.2,26.8,25.0,25.3,25.6
Latin America,Coffee,Discounters,Retail Volume,2.5,2.5,2.5,2.5,2.5,3.1,3.7,4.0,4.4,4.5,4.7
Latin America,Coffee,Warehouse Clubs,Retail Volume,2.7,2.8,2.9,3.1,3.1,3.2,3.4,3.8,4.3,4.4,4.5
Latin America,Coffee,Food/drink/tobacco specialists,Retail Volume,0.0,0.1,0.1,0.1,0.1,0.0,0.0,0.1,0.1,0.1,0.1
Latin America,Coffee,Small Local Grocers,Retail Volume,28.2,28.2,28.2,28.1,28.0,28.2,28.5,28.3,27.7,26.9,25.8
Latin America,Coffee,Non-Grocery Retailers,Retail Volume,1.5,1.5,1.6,1.6,1.6,1.7,1.7,1.7,1.7,1.7,1.6
Latin America,Coffee,General Merchandise Stores,Retail Volume,1.3,1.4,1.4,1.5,1.5,1.6,1.6,1.5,1.5,1.5,1.5
Latin America,Coffee,Health and Beauty Specialists,Retail Volume,0.1,0.1,0.1,0.1,0.1,0.1,0.1,0.1,0.1,0.1,0.1
Latin America,Coffee,Other Non-Grocery Retailers,Retail Volume,0.0,0.0,0.0,0.0,0.0,0.0,0.0,0.0,0.0,0.0,0.0
Latin America,Coffee,Vending,Retail Volume,0.2,0.2,0.1,0.2,0.2,0.1,0.1,0.1,0.1,0.1,0.1
Latin America,Coffee,Direct Selling,Retail Volume,0.3,0.3,0.3,0.3,0.3,0.3,0.3,0.3,0.2,0.2,0.2
Latin America,Coffee,Retail E-Commerce,Retail Volume,0.3,0.3,0.3,0.4,0.4,1.1,1.2,1.3,1.4,1.4,1.4
Latin America,Coffee,Total,Retail Volume,100.0,100.0,100.0,100.0,100.0,100.0,100.0,100.0,100.0,100.0,100.0
Latin America,RTD Coffee,Retail Channels,Off-trade Volume,100.0,100.0,100.0,100.0,100.0,100.0,100.0,100.0,100.0,100.0,100.0
Latin America,RTD Coffee,Retail Offline,Off-trade Volume,100.0,100.0,100.0,99.9,99.9,99.8,99.8,99.8,99.8,99.8,99.8
Latin America,RTD Coffee,Grocery Retailers,Off-trade Volume,98.9,98.9,98.9,98.8,98.8,98.8,98.8,98.8,98.7,98.7,98.7
Latin America,RTD Coffee,Convenience Retailers,Off-trade Volume,20.3,18.9,17.9,17.2,17.1,16.8,16.7,16.8,16.6,16.3,16.3
Latin America,RTD Coffee,Convenience Stores,Off-trade Volume,8.4,8.5,8.4,8.4,8.4,8.3,8.2,8.4,8.5,8.8,9.1
Latin America,RTD Coffee,Forecourt Retailers,Off-trade Volume,11.9,10.4,9.5,8.9,8.7,8.6,8.5,8.5,8.1,7.5,7.2
Latin America,RTD Coffee,Supermarkets,Off-trade Volume,26.1,27.4,29.4,29.6,30.2,30.9,31.6,30.7,30.2,28.9,27.2
Latin America,RTD Coffee,Hypermarkets,Off-trade Volume,10.1,10.3,10.2,10.9,9.7,9.7,9.4,9.1,9.4,9.7,9.9
Latin America,RTD Coffee,Discounters,Off-trade Volume,2.2,2.2,2.1,2.1,2.2,2.1,2.1,2.2,2.2,2.3,2.3
Latin America,RTD Coffee,Warehouse Clubs,Off-trade Volume,0.4,0.7,0.8,0.7,0.6,0.6,0.7,0.7,0.7,0.7,0.6
Latin America,RTD Coffee,Food/drink/tobacco specialists,Off-trade Volume,0.4,0.4,0.4,0.4,0.5,0.4,0.4,0.5,0.5,0.5,0.5
Latin America,RTD Coffee,Small Local Grocers,Off-trade Volume,39.4,39.0,38.0,37.9,38.5,38.1,37.9,38.9,39.1,40.4,41.9
Latin America,RTD Coffee,Non-Grocery Retailers,Off-trade Volume,1.1,1.1,1.1,1.1,1.1,1.0,1.1,1.0,1.1,1.1,1.1
Latin America,RTD Coffee,General Merchandise Stores,Off-trade Volume,0.2,0.2,0.2,0.2,0.2,0.2,0.2,0.2,0.2,0.2,0.2
Latin America,RTD Coffee,Health and Beauty Specialists,Off-trade Volume,0.9,0.9,0.9,0.9,0.9,0.8,0.8,0.8,0.9,0.9,0.9
Latin America,RTD Coffee,Other Non-Grocery Retailers,Off-trade Volume,0.0,0.0,0.0,0.0,0.0,0.0,0.0,0.0,0.0,0.0,0.0
Latin America,RTD Coffee,Retail E-Commerce,Off-trade Volume,0.0,0.0,0.0,0.1,0.1,0.2,0.2,0.2,0.2,0.2,0.2
Latin America,RTD Coffee,Total,Off-trade Volume,100.0,100.0,100.0,100.0,100.0,100.0,100.0,100.0,100.0,100.0,100.0
Brazil,Coffee,Retail Channels,Retail Volume,100.0,100.0,100.0,100.0,100.0,100.0,100.0,100.0,100.0,100.0,100.0
Brazil,Coffee,Retail Offline,Retail Volume,99.7,99.7,99.7,99.7,99.6,99.4,99.4,99.4,99.4,99.4,99.4
Brazil,Coffee,Grocery Retailers,Retail Volume,97.5,97.4,97.3,97.2,97.2,96.9,96.9,96.9,97.0,97.0,97.1
Brazil,Coffee,Convenience Retailers,Retail Volume,0.6,0.6,0.6,0.6,0.6,0.6,0.6,0.7,0.9,1.0,1.0
Brazil,Coffee,Convenience Stores,Retail Volume,0.0,0.0,0.0,0.0,0.0,0.0,0.0,0.1,0.3,0.4,0.4
Brazil,Coffee,Forecourt Retailers,Retail Volume,0.6,0.6,0.6,0.6,0.6,0.6,0.6,0.6,0.6,0.6,0.5
Brazil,Coffee,Supermarkets,Retail Volume,37.9,37.8,37.8,37.6,37.5,38.5,38.1,37.8,39.5,40.2,40.8
Brazil,Coffee,Hypermarkets,Retail Volume,36.3,36.3,36.2,36.2,36.2,33.3,32.3,31.9,29.3,29.7,30.2
Brazil,Coffee,Discounters,Retail Volume,0.3,0.3,0.3,0.3,0.3,0.3,0.3,0.3,0.3,0.3,0.4
Brazil,Coffee,Warehouse Clubs,Retail Volume,3.6,3.7,3.9,4.0,4.1,4.3,4.6,5.2,5.9,6.0,6.1
Brazil,Coffee,Small Local Grocers,Retail Volume,18.7,18.7,18.6,18.5,18.4,20.0,21.1,21.0,21.0,19.8,18.5
Brazil,Coffee,Non-Grocery Retailers,Retail Volume,1.8,1.9,1.9,2.0,2.1,2.1,2.1,2.1,2.1,2.1,2.1
Brazil,Coffee,General Merchandise Stores,Retail Volume,1.8,1.9,1.9,2.0,2.1,2.1,2.1,2.1,2.1,2.1,2.1
Brazil,Coffee,Direct Selling,Retail Volume,0.4,0.4,0.4,0.4,0.4,0.4,0.4,0.4,0.3,0.3,0.3
Brazil,Coffee,Retail E-Commerce,Retail Volume,0.3,0.3,0.3,0.3,0.4,0.6,0.6,0.6,0.6,0.6,0.6
Brazil,Coffee,Total,Retail Volume,100.0,100.0,100.0,100.0,100.0,100.0,100.0,100.0,100.0,100.0,100.0
Brazil,RTD Coffee,Retail Channels,Off-trade Volume,100.0,100.0,100.0,100.0,100.0,100.0,100.0,100.0,100.0,100.0,100.0
Brazil,RTD Coffee,Retail Offline,Off-trade Volume,100.0,100.0,100.0,100.0,100.0,100.0,100.0,100.0,100.0,100.0,100.0
Brazil,RTD Coffee,Grocery Retailers,Off-trade Volume,99.3,99.1,98.9,98.8,98.8,98.9,98.9,98.9,99.0,98.9,98.9
Brazil,RTD Coffee,Convenience Retailers,Off-trade Volume,65.6,64.8,63.9,63.5,63.4,63.4,62.5,60.8,56.4,53.6,51.4
Brazil,RTD Coffee,Convenience Stores,Off-trade Volume,1.1,1.5,1.8,2.0,2.0,2.0,2.0,2.0,2.0,2.1,2.2
Brazil,RTD Coffee,Forecourt Retailers,Off-trade Volume,64.6,63.4,62.1,61.5,61.4,61.4,60.5,58.9,54.4,51.4,49.2
Brazil,RTD Coffee,Supermarkets,Off-trade Volume,10.6,10.6,10.8,11.0,11.2,11.3,11.1,13.2,16.5,18.1,19.3
Brazil,RTD Coffee,Hypermarkets,Off-trade Volume,10.2,10.9,10.9,10.9,10.8,10.7,11.1,10.7,11.2,12.2,12.9
Brazil,RTD Coffee,Warehouse Clubs,Off-trade Volume,1.3,1.9,2.1,2.3,2.4,2.3,2.2,2.3,3.0,3.2,3.3
Brazil,RTD Coffee,Small Local Grocers,Off-trade Volume,11.6,10.9,11.2,11.1,11.0,11.1,11.9,11.9,11.8,11.9,12.0
Brazil,RTD Coffee,Non-Grocery Retailers,Off-trade Volume,0.7,0.9,1.1,1.2,1.2,1.2,1.1,1.1,1.0,1.1,1.1
Brazil,RTD Coffee,General Merchandise Stores,Off-trade Volume,0.7,0.9,1.1,1.2,1.2,1.2,1.1,1.1,1.0,1.1,1.1
Brazil,RTD Coffee,Total,Off-trade Volume,100.0,100.0,100.0,100.0,100.0,100.0,100.0,100.0,100.0,100.0,100.0
Middle East and Africa,Coffee,Retail Channels,Retail Volume,100.0,100.0,100.0,100.0,100.0,100.0,100.0,100.0,100.0,100.0,100.0
Middle East and Africa,Coffee,Retail Offline,Retail Volume,99.7,99.6,99.6,99.6,99.5,99.0,98.9,98.6,98.4,98.2,98.1
Middle East and Africa,Coffee,Grocery Retailers,Retail Volume,98.1,98.0,98.1,98.1,98.0,97.5,97.3,97.0,96.8,96.7,96.5
Middle East and Africa,Coffee,Convenience Retailers,Retail Volume,5.2,5.4,5.3,5.2,5.2,5.0,4.9,4.9,4.9,4.9,4.9
Middle East and Africa,Coffee,Convenience Stores,Retail Volume,3.3,3.4,3.5,3.5,3.4,3.3,3.2,3.2,3.2,3.2,3.2
Middle East and Africa,Coffee,Forecourt Retailers,Retail Volume,1.9,1.9,1.8,1.7,1.7,1.7,1.7,1.7,1.7,1.7,1.7
Middle East and Africa,Coffee,Supermarkets,Retail Volume,30.5,30.5,30.5,30.4,30.0,30.1,30.2,30.1,29.8,29.5,29.2
Middle East and Africa,Coffee,Hypermarkets,Retail Volume,9.2,9.4,9.4,9.5,9.4,9.1,8.8,8.4,8.0,7.5,7.4
Middle East and Africa,Coffee,Discounters,Retail Volume,1.7,1.7,1.8,1.8,1.9,2.3,2.2,2.1,2.2,2.2,2.3
Middle East and Africa,Coffee,Warehouse Clubs,Retail Volume,0.0,0.0,0.0,0.0,0.0,0.0,0.0,0.0,0.0,0.0,0.0
Middle East and Africa,Coffee,Food/drink/tobacco specialists,Retail Volume,6.1,6.1,6.0,5.8,5.6,5.7,6.1,6.7,7.3,7.9,8.3
Middle East and Africa,Coffee,Small Local Grocers,Retail Volume,45.4,44.9,45.1,45.4,45.8,45.2,44.9,44.8,44.7,44.7,44.3
Middle East and Africa,Coffee,Non-Grocery Retailers,Retail Volume,1.4,1.4,1.4,1.3,1.2,1.3,1.3,1.2,1.2,1.2,1.3
Middle East and Africa,Coffee,General Merchandise Stores,Retail Volume,0.0,0.0,0.0,0.0,0.0,0.0,0.0,0.0,0.0,0.0,0.0
Middle East and Africa,Coffee,Health and Beauty Specialists,Retail Volume,0.0,0.0,0.0,0.0,0.0,0.0,0.0,0.0,0.0,0.0,0.0
Middle East and Africa,Coffee,Other Non-Grocery Retailers,Retail Volume,1.4,1.4,1.3,1.3,1.2,1.3,1.2,1.2,1.2,1.2,1.3
Middle East and Africa,Coffee,Vending,Retail Volume,0.1,0.1,0.1,0.1,0.2,0.1,0.2,0.2,0.2,0.2,0.2
Middle East and Africa,Coffee,Direct Selling,Retail Volume,0.1,0.1,0.1,0.1,0.1,0.1,0.1,0.1,0.1,0.1,0.1
Middle East and Africa,Coffee,Retail E-Commerce,Retail Volume,0.3,0.4,0.4,0.4,0.5,1.0,1.1,1.4,1.6,1.8,1.9
Middle East and Africa,Coffee,Total,Retail Volume,100.0,100.0,100.0,100.0,100.0,100.0,100.0,100.0,100.0,100.0,100.0
Middle East and Africa,RTD Coffee,Retail Channels,Off-trade Volume,100.0,100.0,100.0,100.0,100.0,100.0,100.0,100.0,100.0,100.0,100.0
Middle East and Africa,RTD Coffee,Retail Offline,Off-trade Volume,100.0,100.0,99.9,99.9,99.6,98.8,98.5,98.3,98.1,97.9,97.8
Middle East and Africa,RTD Coffee,Grocery Retailers,Off-trade Volume,99.8,99.8,99.7,99.7,99.5,98.7,98.4,97.7,97.6,97.4,97.3
Middle East and Africa,RTD Coffee,Convenience Retailers,Off-trade Volume,55.3,54.0,52.5,48.3,46.5,45.6,42.3,38.5,36.7,32.7,30.0
Middle East and Africa,RTD Coffee,Convenience Stores,Off-trade Volume,2.9,3.2,3.7,3.7,4.1,4.7,5.0,4.8,4.2,3.9,3.8
Middle East and Africa,RTD Coffee,Forecourt Retailers,Off-trade Volume,52.4,50.8,48.8,44.6,42.4,40.9,37.3,33.7,32.5,28.8,26.3
Middle East and Africa,RTD Coffee,Supermarkets,Off-trade Volume,19.7,23.1,23.6,24.3,25.1,20.1,19.4,19.3,17.1,16.5,16.1
Middle East and Africa,RTD Coffee,Hypermarkets,Off-trade Volume,18.0,14.9,15.0,18.8,18.5,19.7,20.7,17.9,17.5,17.0,16.5
Middle East and Africa,RTD Coffee,Discounters,Off-trade Volume,0.6,0.5,0.6,0.6,0.7,0.6,0.6,0.6,0.7,0.9,0.9
Middle East and Africa,RTD Coffee,Warehouse Clubs,Off-trade Volume,0.2,0.2,0.2,0.2,0.2,0.2,0.2,0.2,0.2,0.1,0.1
Middle East and Africa,RTD Coffee,Food/drink/tobacco specialists,Off-trade Volume,0.4,0.4,0.4,0.5,0.5,0.5,0.6,0.5,0.4,0.5,0.5
Middle East and Africa,RTD Coffee,Small Local Grocers,Off-trade Volume,5.9,6.8,7.6,7.2,8.2,12.2,14.8,20.7,24.9,29.7,33.1
Middle East and Africa,RTD Coffee,Non-Grocery Retailers,Off-trade Volume,0.0,0.0,0.0,0.0,0.0,0.16666666666666666,0.3333333333333333,0.5,0.4,0.4,0.3
Middle East and Africa,RTD Coffee,General Merchandise Stores,Off-trade Volume,0.0,0.0,0.0,0.0,0.0,0.0,0.0,0.0,0.0,0.0,0.0
Middle East and Africa,RTD Coffee,Health and Beauty Specialists,Off-trade Volume,0.4,0.4,0.4,0.4,0.4,0.4,0.4,0.4,0.4,0.4,0.3
Middle East and Africa,RTD Coffee,Other Non-Grocery Retailers,Off-trade Volume,0.0,0.0,0.0,0.0,0.0,0.0,0.0,0.0,0.0,0.0,0.0
Middle East and Africa,RTD Coffee,Vending,Off-trade Volume,0.2,0.2,0.2,0.2,0.1,0.0,0.0,0.0,0.0,0.0,0.0
Middle East and Africa,RTD Coffee,Direct Selling,Off-trade Volume,0.1,0.1,0.1,0.1,0.1,0.1,0.1,0.1,0.1,0.1,0.1
Middle East and Africa,RTD Coffee,Retail E-Commerce,Off-trade Volume,0.0,0.0,0.1,0.1,0.4,1.2,1.5,1.7,1.9,2.1,2.2
Middle East and Africa,RTD Coffee,Total,Off-trade Volume,100.0,100.0,100.0,100.0,100.0,100.0,100.0,100.0,100.0,100.0,100.0
North America,Coffee,Retail Channels,Retail Volume,100.0,100.0,100.0,100.0,100.0,100.0,100.0,100.0,100.0,100.0,100.0
North America,Coffee,Retail Offline,Retail Volume,94.2,93.9,93.4,92.6,90.8,83.0,82.0,79.7,78.1,74.7,73.4
North America,Coffee,Grocery Retailers,Retail Volume,91.5,91.2,90.8,89.9,88.1,80.7,79.7,77.4,75.9,72.6,71.4
North America,Coffee,Convenience Retailers,Retail Volume,2.5,2.4,2.4,2.2,2.1,1.1,1.4,1.3,1.4,1.3,1.3
North America,Coffee,Convenience Stores,Retail Volume,0.4,0.4,0.4,0.3,0.3,0.2,0.2,0.3,0.3,0.2,0.2
North America,Coffee,Forecourt Retailers,Retail Volume,2.1,2.0,2.0,1.9,1.7,0.9,1.2,1.1,1.1,1.0,1.0
North America,Coffee,Supermarkets,Retail Volume,32.5,32.6,31.1,30.5,29.6,27.8,26.8,25.9,25.1,23.9,23.8
North America,Coffee,Hypermarkets,Retail Volume,25.2,24.8,24.1,23.8,23.2,21.6,21.4,20.7,20.1,19.8,19.6
North America,Coffee,Discounters,Retail Volume,2.9,3.0,3.1,3.2,3.3,3.2,3.1,3.2,3.2,3.1,3.1
North America,Coffee,Warehouse Clubs,Retail Volume,4.0,4.0,4.0,4.1,4.4,4.1,4.1,4.1,4.0,3.8,3.5
North America,Coffee,Food/drink/tobacco specialists,Retail Volume,4.9,5.1,5.6,5.6,5.5,4.8,4.8,4.6,4.6,4.2,3.9
North America,Coffee,Small Local Grocers,Retail Volume,19.5,19.4,20.7,20.5,20.1,18.1,18.2,17.6,17.5,16.5,16.4
North America,Coffee,Non-Grocery Retailers,Retail Volume,2.5,2.4,2.4,2.4,2.4,2.1,2.1,2.1,2.1,1.9,1.8
North America,Coffee,General Merchandise Stores,Retail Volume,1.4,1.3,1.3,1.4,1.4,1.3,1.3,1.3,1.3,1.2,1.2
North America,Coffee,Health and Beauty Specialists,Retail Volume,1.1,1.1,1.1,1.0,0.9,0.8,0.8,0.8,0.8,0.7,0.7
North America,Coffee,Other Non-Grocery Retailers,Retail Volume,0.0,0.0,0.0,0.0,0.0,0.0,0.0,0.0,0.0,0.0,0.0
North America,Coffee,Vending,Retail Volume,0.1,0.1,0.1,0.1,0.1,0.0,0.0,0.0,0.0,0.0,0.0
North America,Coffee,Direct Selling,Retail Volume,0.2,0.2,0.2,0.2,0.2,0.1,0.2,0.1,0.1,0.1,0.1
North America,Coffee,Retail E-Commerce,Retail Volume,5.8,6.1,6.6,7.4,9.2,17.0,18.0,20.3,21.9,25.3,26.6
North America,Coffee,Total,Retail Volume,100.0,100.0,100.0,100.0,100.0,100.0,100.0,100.0,100.0,100.0,100.0
North America,RTD Coffee,Retail Channels,Off-trade Volume,100.0,100.0,100.0,100.0,100.0,100.0,100.0,100.0,100.0,100.0,100.0
North America,RTD Coffee,Retail Offline,Off-trade Volume,97.7,96.9,96.4,95.4,94.5,90.8,89.6,90.0,87.5,86.3,86.3
North America,RTD Coffee,Grocery Retailers,Off-trade Volume,88.5,87.8,87.6,86.9,86.2,84.0,82.2,82.4,80.3,79.2,79.3
North America,RTD Coffee,Convenience Retailers,Off-trade Volume,29.9,29.8,29.8,29.6,29.2,26.5,27.0,26.6,25.5,23.6,23.4
North America,RTD Coffee,Convenience Stores,Off-trade Volume,6.6,6.6,6.5,6.5,6.5,6.2,6.2,6.1,6.0,5.5,5.4
North America,RTD Coffee,Forecourt Retailers,Off-trade Volume,23.3,23.2,23.3,23.0,22.7,20.3,20.9,20.4,19.5,18.1,18.0
North America,RTD Coffee,Supermarkets,Off-trade Volume,22.0,20.7,20.9,20.8,20.3,21.2,19.8,20.0,19.8,20.1,20.2
North America,RTD Coffee,Hypermarkets,Off-trade Volume,21.0,21.2,21.1,20.8,20.5,20.5,19.8,19.9,19.6,19.9,20.0
North America,RTD Coffee,Discounters,Off-trade Volume,0.6,1.0,1.2,1.3,1.4,1.4,1.3,1.3,1.3,1.3,1.3
North America,RTD Coffee,Warehouse Clubs,Off-trade Volume,9.9,9.8,9.9,10.2,10.8,10.8,10.4,10.8,10.6,10.7,10.7
North America,RTD Coffee,Food/drink/tobacco specialists,Off-trade Volume,0.0,0.0,0.0,0.0,0.0,0.0,0.0,0.0,0.0,0.0,0.0
North America,RTD Coffee,Small Local Grocers,Off-trade Volume,5.1,5.2,4.6,4.3,4.1,3.6,3.8,3.8,3.6,3.6,3.6
North America,RTD Coffee,Non-Grocery Retailers,Off-trade Volume,5.6,5.5,5.3,5.1,5.1,4.8,4.9,4.9,4.8,4.7,4.5
North America,RTD Coffee,General Merchandise Stores,Off-trade Volume,3.3,3.3,3.3,3.4,3.7,3.7,3.6,3.7,3.6,3.7,3.7
North America,RTD Coffee,Health and Beauty Specialists,Off-trade Volume,2.3,2.2,1.9,1.7,1.5,1.2,1.2,1.2,1.1,1.0,0.9
North America,RTD Coffee,Vending,Off-trade Volume,3.6,3.6,3.6,3.3,3.1,2.0,2.5,2.7,2.4,2.5,2.5
North America,RTD Coffee,Retail E-Commerce,Off-trade Volume,2.3,3.1,3.6,4.6,5.5,9.2,10.4,10.0,12.5,13.7,13.7
North America,RTD Coffee,Total,Off-trade Volume,100.0,100.0,100.0,100.0,100.0,100.0,100.0,100.0,100.0,100.0,100.0
USA,Coffee,Retail Channels,Retail Volume,100.0,100.0,100.0,100.0,100.0,100.0,100.0,100.0,100.0,100.0,100.0
USA,Coffee,Retail Offline,Retail Volume,93.8,93.5,93.1,92.1,90.2,82.1,81.0,78.6,77.0,73.3,71.9
USA,Coffee,Grocery Retailers,Retail Volume,91.4,91.2,90.7,89.8,87.9,80.2,79.0,76.7,75.1,71.6,70.3
USA,Coffee,Convenience Retailers,Retail Volume,2.6,2.4,2.4,2.3,2.1,1.1,1.4,1.3,1.4,1.3,1.2
USA,Coffee,Convenience Stores,Retail Volume,0.3,0.3,0.3,0.3,0.2,0.1,0.2,0.2,0.2,0.2,0.2
USA,Coffee,Forecourt Retailers,Retail Volume,2.2,2.1,2.1,2.0,1.8,1.0,1.3,1.1,1.2,1.1,1.1
USA,Coffee,Supermarkets,Retail Volume,32.0,32.1,30.5,29.9,29.0,27.0,25.9,25.0,24.3,23.2,23.1
USA,Coffee,Hypermarkets,Retail Volume,25.8,25.3,24.5,24.3,23.7,22.0,21.7,21.0,20.4,20.1,19.8
USA,Coffee,Discounters,Retail Volume,1.9,2.0,2.0,2.1,2.2,2.1,2.0,2.0,2.0,1.8,1.8
USA,Coffee,Warehouse Clubs,Retail Volume,3.8,3.7,3.7,3.9,4.1,3.8,3.8,3.7,3.6,3.3,3.0
USA,Coffee,Food/drink/tobacco specialists,Retail Volume,5.3,5.5,6.0,6.0,6.0,5.2,5.2,5.0,5.0,4.7,4.3
USA,Coffee,Small Local Grocers,Retail Volume,20.2,20.1,21.6,21.4,20.9,18.9,19.0,18.5,18.4,17.2,17.1
USA,Coffee,Non-Grocery Retailers,Retail Volume,2.2,2.1,2.1,2.1,2.1,1.8,1.8,1.7,1.7,1.6,1.5
USA,Coffee,General Merchandise Stores,Retail Volume,1.3,1.3,1.2,1.3,1.4,1.2,1.2,1.2,1.2,1.1,1.1
USA,Coffee,Health and Beauty Specialists,Retail Volume,0.9,0.8,0.8,0.8,0.7,0.5,0.6,0.5,0.5,0.5,0.4
USA,Coffee,Vending,Retail Volume,0.0,0.0,0.0,0.0,0.0,0.0,0.0,0.0,0.0,0.0,0.0
USA,Coffee,Direct Selling,Retail Volume,0.2,0.2,0.2,0.2,0.2,0.2,0.2,0.2,0.2,0.2,0.1
USA,Coffee,Retail E-Commerce,Retail Volume,6.2,6.5,6.9,7.9,9.8,17.9,19.0,21.4,23.0,26.7,28.1
USA,Coffee,Total,Retail Volume,100.0,100.0,100.0,100.0,100.0,100.0,100.0,100.0,100.0,100.0,100.0
USA,RTD Coffee,Retail Channels,Off-trade Volume,100.0,100.0,100.0,100.0,100.0,100.0,100.0,100.0,100.0,100.0,100.0
USA,RTD Coffee,Retail Offline,Off-trade Volume,97.7,96.9,96.3,95.3,94.4,90.7,89.5,89.9,87.4,86.2,86.2
USA,RTD Coffee,Grocery Retailers,Off-trade Volume,88.6,87.9,87.6,87.0,86.3,84.0,82.2,82.4,80.3,79.2,79.3
USA,RTD Coffee,Convenience Retailers,Off-trade Volume,30.1,30.0,30.0,29.8,29.4,26.7,27.2,26.8,25.7,23.7,23.6
USA,RTD Coffee,Convenience Stores,Off-trade Volume,6.7,6.6,6.6,6.6,6.6,6.2,6.2,6.2,6.0,5.6,5.5
USA,RTD Coffee,Forecourt Retailers,Off-trade Volume,23.4,23.4,23.4,23.2,22.8,20.4,21.0,20.6,19.7,18.2,18.1
USA,RTD Coffee,Supermarkets,Off-trade Volume,21.8,20.5,20.6,20.5,19.9,20.9,19.4,19.8,19.5,19.8,19.9
USA,RTD Coffee,Hypermarkets,Off-trade Volume,21.1,21.3,21.2,20.8,20.5,20.6,19.9,20.0,19.7,20.0,20.1
USA,RTD Coffee,Discounters,Off-trade Volume,0.6,1.0,1.2,1.3,1.4,1.3,1.3,1.3,1.3,1.3,1.3
USA,RTD Coffee,Warehouse Clubs,Off-trade Volume,9.9,9.9,9.9,10.2,10.9,10.8,10.5,10.8,10.6,10.7,10.8
USA,RTD Coffee,Small Local Grocers,Off-trade Volume,5.1,5.2,4.6,4.3,4.1,3.7,3.8,3.8,3.6,3.7,3.7
USA,RTD Coffee,Non-Grocery Retailers,Off-trade Volume,5.5,5.4,5.1,5.0,5.0,4.7,4.7,4.8,4.6,4.5,4.4
USA,RTD Coffee,General Merchandise Stores,Off-trade Volume,3.4,3.3,3.4,3.5,3.7,3.7,3.7,3.7,3.7,3.7,3.7
USA,RTD Coffee,Health and Beauty Specialists,Off-trade Volume,2.2,2.0,1.8,1.5,1.3,1.0,1.1,1.1,1.0,0.8,0.7
USA,RTD Coffee,Vending,Off-trade Volume,3.6,3.6,3.6,3.3,3.1,2.0,2.5,2.7,2.4,2.5,2.5
USA,RTD Coffee,Retail E-Commerce,Off-trade Volume,2.3,3.1,3.7,4.7,5.6,9.3,10.5,10.1,12.6,13.8,13.8
USA,RTD Coffee,Total,Off-trade Volume,100.0,100.0,100.0,100.0,100.0,100.0,100.0,100.0,100.0,100.0,100.0
Western Europe,Coffee,Retail Channels,Retail Volume,100.0,100.0,100.0,100.0,100.0,100.0,100.0,100.0,100.0,100.0,100.0
Western Europe,Coffee,Retail Offline,Retail Volume,97.3,97.1,96.8,96.6,96.0,95.0,94.5,94.5,94.4,94.2,94.0
Western Europe,Coffee,Grocery Retailers,Retail Volume,94.3,94.0,93.8,93.6,93.0,92.3,91.9,91.9,91.8,91.6,91.4
Western Europe,Coffee,Convenience Retailers,Retail Volume,4.0,3.9,3.8,3.7,3.7,3.5,3.4,3.4,3.3,3.3,3.3
Western Europe,Coffee,Convenience Stores,Retail Volume,3.4,3.4,3.3,3.3,3.2,3.1,3.1,3.0,3.0,3.0,2.9
Western Europe,Coffee,Forecourt Retailers,Retail Volume,0.5,0.5,0.5,0.5,0.4,0.4,0.4,0.4,0.4,0.4,0.4
Western Europe,Coffee,Supermarkets,Retail Volume,39.0,38.7,38.4,38.2,38.1,38.7,38.5,37.8,37.6,37.5,37.4
Western Europe,Coffee,Hypermarkets,Retail Volume,22.4,22.1,21.8,21.8,21.4,20.2,20.0,19.5,19.0,18.8,18.5
Western Europe,Coffee,Discounters,Retail Volume,21.7,21.9,22.2,22.3,22.4,23.0,23.0,24.2,24.9,25.0,25.2
Western Europe,Coffee,Warehouse Clubs,Retail Volume,0.0,0.0,0.0,0.0,0.0,0.0,0.0,0.0,0.0,0.0,0.0
Western Europe,Coffee,Food/drink/tobacco specialists,Retail Volume,4.0,4.1,4.2,4.2,4.2,3.9,4.0,4.0,4.1,4.1,4.1
Western Europe,Coffee,Small Local Grocers,Retail Volume,3.3,3.3,3.4,3.3,3.3,3.0,3.0,3.0,3.0,3.0,3.0
Western Europe,Coffee,Non-Grocery Retailers,Retail Volume,2.0,2.0,2.0,2.0,2.0,1.8,1.8,1.7,1.7,1.7,1.6
Western Europe,Coffee,General Merchandise Stores,Retail Volume,0.8,0.9,0.9,0.9,0.8,0.7,0.7,0.7,0.7,0.6,0.6
Western Europe,Coffee,Health and Beauty Specialists,Retail Volume,1.1,1.1,1.1,1.1,1.1,1.1,1.1,1.1,1.0,1.0,1.0
Western Europe,Coffee,Other Non-Grocery Retailers,Retail Volume,0.0,0.0,0.0,0.0,0.0,0.0,0.0,0.0,0.0,0.0,0.0
Western Europe,Coffee,Vending,Retail Volume,1.0,1.0,1.0,1.0,1.0,0.8,0.8,0.8,0.9,0.9,0.9
Western Europe,Coffee,Direct Selling,Retail Volume,0.0,0.0,0.0,0.0,0.0,0.0,0.0,0.0,0.0,0.0,0.0
Western Europe,Coffee,Retail E-Commerce,Retail Volume,2.7,2.9,3.2,3.4,4.0,5.0,5.5,5.5,5.6,5.8,6.0
Western Europe,Coffee,Total,Retail Volume,100.0,100.0,100.0,100.0,100.0,100.0,100.0,100.0,100.0,100.0,100.0
Western Europe,RTD Coffee,Retail Channels,Off-trade Volume,100.0,100.0,100.0,100.0,100.0,100.0,100.0,100.0,100.0,100.0,100.0
Western Europe,RTD Coffee,Retail Offline,Off-trade Volume,99.2,99.2,99.1,99.1,98.6,97.5,97.0,96.9,96.6,96.4,96.3
Western Europe,RTD Coffee,Grocery Retailers,Off-trade Volume,96.4,96.2,96.5,96.5,96.1,95.2,94.9,94.9,94.6,94.5,94.4
Western Europe,RTD Coffee,Convenience Retailers,Off-trade Volume,14.2,14.6,14.5,14.3,14.3,13.9,13.5,13.5,13.7,13.9,13.7
Western Europe,RTD Coffee,Convenience Stores,Off-trade Volume,5.3,5.6,5.7,5.6,5.6,6.1,6.3,6.4,6.5,6.5,6.4
Western Europe,RTD Coffee,Forecourt Retailers,Off-trade Volume,8.9,9.1,8.8,8.6,8.7,7.8,7.2,7.1,7.2,7.4,7.2
Western Europe,RTD Coffee,Supermarkets,Off-trade Volume,41.3,41.4,42.4,42.9,42.5,43.6,44.2,43.6,44.0,44.4,44.8
Western Europe,RTD Coffee,Hypermarkets,Off-trade Volume,16.6,16.8,17.0,16.8,16.8,16.3,16.0,16.1,15.4,15.1,15.0
Western Europe,RTD Coffee,Discounters,Off-trade Volume,16.2,16.1,15.8,15.8,16.0,15.6,15.2,15.6,15.5,15.4,15.3
Western Europe,RTD Coffee,Food/drink/tobacco specialists,Off-trade Volume,0.2,0.2,0.2,0.2,0.2,0.2,0.2,0.2,0.2,0.2,0.2
Western Europe,RTD Coffee,Small Local Grocers,Off-trade Volume,7.9,7.1,6.7,6.5,6.3,5.7,5.9,5.9,5.8,5.6,5.5
Western Europe,RTD Coffee,Non-Grocery Retailers,Off-trade Volume,2.1,2.2,2.0,2.0,1.9,1.7,1.5,1.5,1.5,1.4,1.4
Western Europe,RTD Coffee,General Merchandise Stores,Off-trade Volume,0.0,0.0,0.0,0.0,0.0,0.0,0.0,0.0,0.0,0.0,0.0
Western Europe,RTD Coffee,Health and Beauty Specialists,Off-trade Volume,2.1,2.2,2.0,2.0,1.9,1.7,1.5,1.5,1.5,1.4,1.3
Western Europe,RTD Coffee,Leisure and Personal Goods Specialists,Off-trade Volume,0.0,0.0,0.0,0.0,0.0,0.0,0.0,0.0,0.0,0.0,0.1
Western Europe,RTD Coffee,Other Non-Grocery Retailers,Off-trade Volume,0.0,0.0,0.0,0.0,0.0,0.0,0.0,0.0,0.0,0.0,0.0
Western Europe,RTD Coffee,Vending,Off-trade Volume,0.7,0.7,0.7,0.6,0.6,0.5,0.5,0.5,0.5,0.5,0.4
Western Europe,RTD Coffee,Retail E-Commerce,Off-trade Volume,0.8,0.8,0.9,0.9,1.4,2.5,3.0,3.1,3.4,3.6,3.7
Western Europe,RTD Coffee,Total,Off-trade Volume,100.0,100.0,100.0,100.0,100.0,100.0,100.0,100.0,100.0,100.0,100.0
France,Coffee,Retail Channels,Retail Volume,100.0,100.0,100.0,100.0,100.0,100.0,100.0,100.0,100.0,100.0,100.0
France,Coffee,Retail Offline,Retail Volume,95.0,94.4,93.4,93.2,90.8,87.9,86.8,86.7,86.4,86.0,85.7
France,Coffee,Grocery Retailers,Retail Volume,94.1,93.4,92.4,92.2,89.8,87.0,85.9,85.7,85.3,84.9,84.5
France,Coffee,Convenience Retailers,Retail Volume,1.1,1.1,1.1,1.0,1.0,1.2,1.2,1.2,1.3,1.4,1.4
France,Coffee,Convenience Stores,Retail Volume,1.1,1.1,1.0,1.0,1.0,1.1,1.2,1.2,1.3,1.4,1.4
France,Coffee,Forecourt Retailers,Retail Volume,0.0,0.0,0.0,0.0,0.0,0.0,0.0,0.0,0.0,0.0,0.0
France,Coffee,Supermarkets,Retail Volume,25.7,25.7,25.6,25.4,25.3,25.5,24.9,24.8,22.8,22.5,22.3
France,Coffee,Hypermarkets,Retail Volume,38.1,37.1,36.2,36.1,33.9,31.7,30.6,29.5,30.0,29.4,28.8
France,Coffee,Discounters,Retail Volume,12.4,12.5,12.4,12.5,12.5,12.6,12.6,12.9,13.3,13.5,13.7
France,Coffee,Food/drink/tobacco specialists,Retail Volume,16.2,16.4,16.5,16.5,16.5,15.5,16.0,16.5,17.1,17.3,17.5
France,Coffee,Small Local Grocers,Retail Volume,0.6,0.6,0.6,0.6,0.6,0.6,0.7,0.8,0.8,0.8,0.8
France,Coffee,Non-Grocery Retailers,Retail Volume,0.6,0.7,0.7,0.7,0.7,0.6,0.6,0.6,0.6,0.6,0.6
France,Coffee,Health and Beauty Specialists,Retail Volume,0.6,0.7,0.7,0.7,0.7,0.6,0.6,0.6,0.6,0.6,0.6
France,Coffee,Other Non-Grocery Retailers,Retail Volume,0.0,0.0,0.0,0.0,0.0,0.0,0.0,0.0,0.0,0.0,0.0
France,Coffee,Vending,Retail Volume,0.4,0.3,0.3,0.3,0.3,0.2,0.3,0.4,0.5,0.6,0.7
France,Coffee,Retail E-Commerce,Retail Volume,5.0,5.6,6.6,6.8,9.2,12.1,13.2,13.3,13.6,14.0,14.3
France,Coffee,Total,Retail Volume,100.0,100.0,100.0,100.0,100.0,100.0,100.0,100.0,100.0,100.0,100.0
France,RTD Coffee,Retail Channels,Off-trade Volume,100.0,100.0,100.0,100.0,100.0,100.0,100.0,100.0,100.0,100.0,100.0
France,RTD Coffee,Retail Offline,Off-trade Volume,99.3,99.2,99.2,99.2,99.1,99.0,98.2,98.2,98.1,97.9,97.8
France,RTD Coffee,Grocery Retailers,Off-trade Volume,99.0,98.9,98.9,98.7,98.5,98.5,97.7,97.8,97.7,97.4,97.3
France,RTD Coffee,Convenience Retailers,Off-trade Volume,36.6,37.9,38.4,38.5,38.5,36.3,36.5,36.5,36.8,37.6,38.3
France,RTD Coffee,Convenience Stores,Off-trade Volume,15.5,16.7,17.2,17.5,17.4,17.5,17.4,17.2,17.0,17.3,17.6
France,RTD Coffee,Forecourt Retailers,Off-trade Volume,21.1,21.2,21.2,21.0,21.1,18.8,19.1,19.2,19.8,20.3,20.7
France,RTD Coffee,Supermarkets,Off-trade Volume,24.6,25.5,25.6,25.9,26.5,28.4,28.1,27.7,27.5,27.0,27.3
France,RTD Coffee,Hypermarkets,Off-trade Volume,30.7,31.9,31.9,31.6,29.9,29.7,29.0,29.4,28.9,28.3,27.2
France,RTD Coffee,Discounters,Off-trade Volume,0.3,0.3,0.3,0.6,1.8,2.3,2.4,2.5,2.8,2.9,2.9
France,RTD Coffee,Small Local Grocers,Off-trade Volume,7.0,3.6,2.6,2.0,1.8,1.8,1.8,1.7,1.7,1.6,1.6
France,RTD Coffee,Vending,Off-trade Volume,0.3,0.3,0.4,0.4,0.6,0.4,0.5,0.4,0.5,0.5,0.5
France,RTD Coffee,Retail E-Commerce,Off-trade Volume,0.8,0.8,0.8,0.8,0.9,1.0,1.8,1.8,1.9,2.1,2.2
France,RTD Coffee,Total,Off-trade Volume,100.0,100.0,100.0,100.0,100.0,100.0,100.0,100.0,100.0,100.0,100.0
Germany,Coffee,Retail Channels,Retail Volume,100.0,100.0,100.0,100.0,100.0,100.0,100.0,100.0,100.0,100.0,100.0
Germany,Coffee,Retail Offline,Retail Volume,97.8,97.8,97.8,97.5,97.5,97.1,96.9,97.0,97.1,97.1,97.1
Germany,Coffee,Grocery Retailers,Retail Volume,94.2,94.2,94.2,93.9,93.8,93.9,93.9,94.2,94.3,94.4,94.5
Germany,Coffee,Convenience Retailers,Retail Volume,0.9,0.9,0.9,0.8,0.8,0.6,0.6,0.6,0.6,0.6,0.6
Germany,Coffee,Convenience Stores,Retail Volume,0.4,0.4,0.5,0.4,0.5,0.3,0.3,0.4,0.4,0.4,0.4
Germany,Coffee,Forecourt Retailers,Retail Volume,0.4,0.4,0.4,0.4,0.4,0.3,0.2,0.2,0.2,0.2,0.2
Germany,Coffee,Supermarkets,Retail Volume,24.4,24.5,24.6,24.6,24.7,26.3,26.4,25.3,25.8,25.8,25.7
Germany,Coffee,Hypermarkets,Retail Volume,19.5,19.5,19.4,19.3,19.4,18.4,18.7,18.7,16.9,16.9,16.9
Germany,Coffee,Discounters,Retail Volume,45.5,45.5,45.6,45.5,45.3,45.5,45.1,46.5,47.9,47.9,48.2
Germany,Coffee,Food/drink/tobacco specialists,Retail Volume,2.8,2.8,2.7,2.7,2.6,2.4,2.4,2.4,2.4,2.4,2.4
Germany,Coffee,Small Local Grocers,Retail Volume,1.1,1.0,1.0,1.0,1.0,0.8,0.8,0.8,0.8,0.8,0.8
Germany,Coffee,Non-Grocery Retailers,Retail Volume,3.1,3.1,3.1,3.1,3.1,2.7,2.6,2.5,2.5,2.5,2.5
Germany,Coffee,General Merchandise Stores,Retail Volume,1.9,1.9,1.9,1.9,1.9,1.5,1.4,1.3,1.3,1.3,1.3
Germany,Coffee,Health and Beauty Specialists,Retail Volume,1.2,1.2,1.2,1.2,1.3,1.2,1.2,1.2,1.2,1.2,1.2
Germany,Coffee,Vending,Retail Volume,0.5,0.5,0.5,0.5,0.5,0.4,0.4,0.3,0.3,0.2,0.2
Germany,Coffee,Retail E-Commerce,Retail Volume,2.2,2.2,2.2,2.5,2.5,2.9,3.1,3.0,2.9,2.9,2.9
Germany,Coffee,Total,Retail Volume,100.0,100.0,100.0,100.0,100.0,100.0,100.0,100.0,100.0,100.0,100.0
Germany,RTD Coffee,Retail Channels,Off-trade Volume,100.0,100.0,100.0,100.0,100.0,100.0,100.0,100.0,100.0,100.0,100.0
Germany,RTD Coffee,Retail Offline,Off-trade Volume,99.0,99.0,99.0,99.0,99.0,98.9,98.7,98.8,98.7,98.8,98.9
Germany,RTD Coffee,Grocery Retailers,Off-trade Volume,94.0,93.7,94.0,94.2,94.4,94.4,94.4,94.4,94.2,94.6,94.6
Germany,RTD Coffee,Convenience Retailers,Off-trade Volume,13.3,14.0,14.0,14.1,14.2,14.0,13.7,14.0,14.8,16.0,16.0
Germany,RTD Coffee,Convenience Stores,Off-trade Volume,0.1,0.1,0.1,0.1,0.1,0.1,0.1,0.1,0.1,0.1,0.1
Germany,RTD Coffee,Forecourt Retailers,Off-trade Volume,13.2,13.9,14.0,14.0,14.1,13.9,13.6,13.9,14.7,15.8,15.9
Germany,RTD Coffee,Supermarkets,Off-trade Volume,29.1,28.3,28.5,28.8,29.1,31.0,32.0,30.1,31.4,31.6,31.6
Germany,RTD Coffee,Hypermarkets,Off-trade Volume,17.4,17.6,17.8,17.9,18.0,17.9,17.4,17.4,14.6,13.8,13.7
Germany,RTD Coffee,Discounters,Off-trade Volume,22.9,23.5,24.1,24.2,24.4,24.3,24.1,25.8,27.3,27.5,27.5
Germany,RTD Coffee,Food/drink/tobacco specialists,Off-trade Volume,0.2,0.2,0.2,0.2,0.2,0.1,0.1,0.1,0.1,0.1,0.1
Germany,RTD Coffee,Small Local Grocers,Off-trade Volume,11.2,10.1,9.4,9.1,8.7,7.1,7.1,7.0,6.0,5.6,5.6
Germany,RTD Coffee,Non-Grocery Retailers,Off-trade Volume,4.4,4.8,4.6,4.4,4.2,4.1,4.0,4.0,4.2,4.0,3.9
Germany,RTD Coffee,Health and Beauty Specialists,Off-trade Volume,4.4,4.8,4.6,4.4,4.2,4.1,4.0,4.0,4.2,4.0,3.9
Germany,RTD Coffee,Vending,Off-trade Volume,0.5,0.5,0.5,0.4,0.4,0.4,0.3,0.3,0.3,0.3,0.3
Germany,RTD Coffee,Retail E-Commerce,Off-trade Volume,1.0,1.0,1.0,1.0,1.0,1.1,1.3,1.2,1.3,1.2,1.1
Germany,RTD Coffee,Total,Off-trade Volume,100.0,100.0,100.0,100.0,100.0,100.0,100.0,100.0,100.0,100.0,100.0
United Kingdom,Coffee,Retail Channels,Retail Volume,100.0,100.0,100.0,100.0,100.0,100.0,100.0,100.0,100.0,100.0,100.0
United Kingdom,Coffee,Retail Offline,Retail Volume,93.2,92.0,91.6,91.5,91.0,89.4,87.3,87.9,87.9,87.8,87.6
United Kingdom,Coffee,Grocery Retailers,Retail Volume,90.3,89.0,88.5,88.4,88.0,86.6,84.4,85.0,85.1,85.0,84.9
United Kingdom,Coffee,Convenience Retailers,Retail Volume,5.0,5.0,4.9,4.8,4.8,5.1,5.1,5.2,5.2,5.3,5.4
United Kingdom,Coffee,Convenience Stores,Retail Volume,4.7,4.8,4.7,4.5,4.5,4.9,4.8,4.9,4.9,5.0,5.1
United Kingdom,Coffee,Forecourt Retailers,Retail Volume,0.2,0.2,0.2,0.2,0.2,0.2,0.2,0.2,0.2,0.2,0.2
United Kingdom,Coffee,Supermarkets,Retail Volume,40.9,38.9,38.2,38.2,38.1,37.2,36.2,36.1,36.2,36.4,36.5
United Kingdom,Coffee,Hypermarkets,Retail Volume,37.2,36.5,36.0,35.8,35.4,34.2,33.0,32.9,32.7,32.3,31.9
United Kingdom,Coffee,Discounters,Retail Volume,5.0,6.3,7.0,7.3,7.3,7.6,7.8,8.6,8.6,8.7,8.7
United Kingdom,Coffee,Warehouse Clubs,Retail Volume,0.1,0.1,0.1,0.1,0.1,0.1,0.1,0.1,0.1,0.1,0.1
United Kingdom,Coffee,Food/drink/tobacco specialists,Retail Volume,0.8,1.1,1.2,1.3,1.4,1.3,1.2,1.3,1.3,1.3,1.3
United Kingdom,Coffee,Small Local Grocers,Retail Volume,1.3,1.2,1.1,1.0,1.0,1.2,1.0,0.9,1.0,1.0,1.0
United Kingdom,Coffee,Non-Grocery Retailers,Retail Volume,2.3,2.5,2.5,2.6,2.4,2.4,2.2,2.2,2.1,1.9,1.9
United Kingdom,Coffee,General Merchandise Stores,Retail Volume,2.3,2.5,2.5,2.6,2.4,2.4,2.2,2.2,2.1,1.9,1.9
United Kingdom,Coffee,Other Non-Grocery Retailers,Retail Volume,0.0,0.0,0.0,0.0,0.0,0.0,0.0,0.0,0.0,0.0,0.0
United Kingdom,Coffee,Vending,Retail Volume,0.5,0.5,0.5,0.6,0.6,0.5,0.6,0.7,0.7,0.8,0.8
United Kingdom,Coffee,Retail E-Commerce,Retail Volume,6.8,8.0,8.4,8.5,9.0,10.6,12.7,12.1,12.1,12.2,12.4
United Kingdom,Coffee,Total,Retail Volume,100.0,100.0,100.0,100.0,100.0,100.0,100.0,100.0,100.0,100.0,100.0
United Kingdom,RTD Coffee,Retail Channels,Off-trade Volume,100.0,100.0,100.0,100.0,100.0,100.0,100.0,100.0,100.0,100.0,100.0
United Kingdom,RTD Coffee,Retail Offline,Off-trade Volume,99.0,98.4,98.3,98.3,94.5,91.8,90.9,90.9,90.9,90.9,90.9
United Kingdom,RTD Coffee,Grocery Retailers,Off-trade Volume,98.8,98.2,98.1,98.0,93.8,91.0,90.1,90.1,90.1,90.1,90.1
United Kingdom,RTD Coffee,Convenience Retailers,Off-trade Volume,11.5,11.5,11.6,12.8,12.2,12.0,12.4,12.5,12.5,12.6,12.8
United Kingdom,RTD Coffee,Convenience Stores,Off-trade Volume,8.0,8.0,8.2,9.3,8.9,9.1,9.5,9.5,9.5,9.5,9.5
United Kingdom,RTD Coffee,Forecourt Retailers,Off-trade Volume,3.6,3.5,3.5,3.5,3.4,2.9,3.0,3.0,3.0,3.1,3.3
United Kingdom,RTD Coffee,Supermarkets,Off-trade Volume,33.2,33.1,33.0,33.4,32.2,32.5,33.2,33.2,33.2,33.2,33.1
United Kingdom,RTD Coffee,Hypermarkets,Off-trade Volume,38.7,38.2,38.0,36.2,34.5,31.9,29.7,29.7,29.7,29.7,29.6
United Kingdom,RTD Coffee,Small Local Grocers,Off-trade Volume,15.4,15.4,15.5,15.6,14.8,14.5,14.9,14.8,14.7,14.6,14.5
United Kingdom,RTD Coffee,Non-Grocery Retailers,Off-trade Volume,0.2,0.2,0.2,0.2,0.7,0.8,0.8,0.8,0.8,0.8,0.8
United Kingdom,RTD Coffee,Health and Beauty Specialists,Off-trade Volume,0.2,0.2,0.2,0.2,0.7,0.8,0.8,0.8,0.8,0.8,0.8
United Kingdom,RTD Coffee,Other Non-Grocery Retailers,Off-trade Volume,0.0,0.0,0.0,0.0,0.0,0.0,0.0,0.0,0.0,0.0,0.0
United Kingdom,RTD Coffee,Retail E-Commerce,Off-trade Volume,1.0,1.6,1.7,1.7,5.5,8.2,9.1,9.1,9.1,9.1,9.1
United Kingdom,RTD Coffee,Total,Off-trade Volume,100.0,100.0,100.0,100.0,100.0,100.0,100.0,100.0,100.0,100.0,100.0
