Geography,Category,Data Type,Unit,Year,Total_Market_Volume
World,Coffee,Retail Volume,Tonnes,2015,5485017.6
World,RTD Coffee,Off-trade Volume,million litres,2015,4884.7
Asia Pacific,Coffee,Retail Volume,Tonnes,2015,1324787.7
Asia Pacific,RTD Coffee,Off-trade Volume,million litres,2015,4195.0
China,Coffee,Retail Volume,Tonnes,2015,63458.7
China,RTD Coffee,Off-trade Volume,million litres,2015,292.4
India,Coffee,Retail Volume,Tonnes,2015,55723.8
India,RTD Coffee,Off-trade Volume,million litres,2015,
Japan,Coffee,Retail Volume,Tonnes,2015,109749.0
Japan,RTD Coffee,Off-trade Volume,million litres,2015,3212.9
Thailand,Coffee,Retail Volume,Tonnes,2015,67308.4
Thailand,RTD Coffee,Off-trade Volume,million litres,2015,150.9
Australasia,Coffee,Retail Volume,Tonnes,2015,39171.2
Australasia,RTD Coffee,Off-trade Volume,million litres,2015,3.0
Australia,Coffee,Retail Volume,Tonnes,2015,34573.7
Australia,RTD Coffee,Off-trade Volume,million litres,2015,3.0
Eastern Europe,Coffee,Retail Volume,Tonnes,2015,479393.9
Eastern Europe,RTD Coffee,Off-trade Volume,million litres,2015,24.8
Latin America,Coffee,Retail Volume,Tonnes,2015,1017900.6
Latin America,RTD Coffee,Off-trade Volume,million litres,2015,18.4
Brazil,Coffee,Retail Volume,Tonnes,2015,707374.4
Brazil,RTD Coffee,Off-trade Volume,million litres,2015,1.9
Middle East and Africa,Coffee,Retail Volume,Tonnes,2015,475943.0
Middle East and Africa,RTD Coffee,Off-trade Volume,million litres,2015,20.1
North America,Coffee,Retail Volume,Tonnes,2015,846123.2
North America,RTD Coffee,Off-trade Volume,million litres,2015,456.3
USA,Coffee,Retail Volume,Tonnes,2015,782346.6
USA,RTD Coffee,Off-trade Volume,million litres,2015,450.9
Western Europe,Coffee,Retail Volume,Tonnes,2015,1301698.0
Western Europe,RTD Coffee,Off-trade Volume,million litres,2015,167.1
France,Coffee,Retail Volume,Tonnes,2015,181134.9
France,RTD Coffee,Off-trade Volume,million litres,2015,3.1
Germany,Coffee,Retail Volume,Tonnes,2015,381919.7
Germany,RTD Coffee,Off-trade Volume,million litres,2015,78.1
United Kingdom,Coffee,Retail Volume,Tonnes,2015,77903.9
United Kingdom,RTD Coffee,Off-trade Volume,million litres,2015,8.7
World,Coffee,Retail Volume,Tonnes,2016,5601169.2
World,RTD Coffee,Off-trade Volume,million litres,2016,5056.9
Asia Pacific,Coffee,Retail Volume,Tonnes,2016,1401710.6
Asia Pacific,RTD Coffee,Off-trade Volume,million litres,2016,4288.6
China,Coffee,Retail Volume,Tonnes,2016,63448.1
China,RTD Coffee,Off-trade Volume,million litres,2016,314.3
India,Coffee,Retail Volume,Tonnes,2016,59068.3
India,RTD Coffee,Off-trade Volume,million litres,2016,
Japan,Coffee,Retail Volume,Tonnes,2016,112114.4
Japan,RTD Coffee,Off-trade Volume,million litres,2016,3238.4
Thailand,Coffee,Retail Volume,Tonnes,2016,69814.1
Thailand,RTD Coffee,Off-trade Volume,million litres,2016,159.5
Australasia,Coffee,Retail Volume,Tonnes,2016,39311.5
Australasia,RTD Coffee,Off-trade Volume,million litres,2016,3.2
Australia,Coffee,Retail Volume,Tonnes,2016,34399.5
Australia,RTD Coffee,Off-trade Volume,million litres,2016,3.1
Eastern Europe,Coffee,Retail Volume,Tonnes,2016,482147.3
Eastern Europe,RTD Coffee,Off-trade Volume,million litres,2016,25.3
Latin America,Coffee,Retail Volume,Tonnes,2016,1038129.5
Latin America,RTD Coffee,Off-trade Volume,million litres,2016,19.4
Brazil,Coffee,Retail Volume,Tonnes,2016,723156.6
Brazil,RTD Coffee,Off-trade Volume,million litres,2016,1.6
Middle East and Africa,Coffee,Retail Volume,Tonnes,2016,496512.9
Middle East and Africa,RTD Coffee,Off-trade Volume,million litres,2016,23.1
North America,Coffee,Retail Volume,Tonnes,2016,844709.7
North America,RTD Coffee,Off-trade Volume,million litres,2016,516.7
USA,Coffee,Retail Volume,Tonnes,2016,779549.1
USA,RTD Coffee,Off-trade Volume,million litres,2016,510.1
Western Europe,Coffee,Retail Volume,Tonnes,2016,1298647.6
Western Europe,RTD Coffee,Off-trade Volume,million litres,2016,180.6
France,Coffee,Retail Volume,Tonnes,2016,179444.9
France,RTD Coffee,Off-trade Volume,million litres,2016,3.8
Germany,Coffee,Retail Volume,Tonnes,2016,384437.2
Germany,RTD Coffee,Off-trade Volume,million litres,2016,80.7
United Kingdom,Coffee,Retail Volume,Tonnes,2016,77904.7
United Kingdom,RTD Coffee,Off-trade Volume,million litres,2016,10.7
World,Coffee,Retail Volume,Tonnes,2017,5694325.5
World,RTD Coffee,Off-trade Volume,million litres,2017,5197.5
Asia Pacific,Coffee,Retail Volume,Tonnes,2017,1449430.7
Asia Pacific,RTD Coffee,Off-trade Volume,million litres,2017,4365.3
China,Coffee,Retail Volume,Tonnes,2017,64333.5
China,RTD Coffee,Off-trade Volume,million litres,2017,328.8
India,Coffee,Retail Volume,Tonnes,2017,62633.3
India,RTD Coffee,Off-trade Volume,million litres,2017,
Japan,Coffee,Retail Volume,Tonnes,2017,110789.0
Japan,RTD Coffee,Off-trade Volume,million litres,2017,3208.3
Thailand,Coffee,Retail Volume,Tonnes,2017,73414.0
Thailand,RTD Coffee,Off-trade Volume,million litres,2017,179.5
Australasia,Coffee,Retail Volume,Tonnes,2017,38945.9
Australasia,RTD Coffee,Off-trade Volume,million litres,2017,3.4
Australia,Coffee,Retail Volume,Tonnes,2017,33772.9
Australia,RTD Coffee,Off-trade Volume,million litres,2017,3.3
Eastern Europe,Coffee,Retail Volume,Tonnes,2017,489544.3
Eastern Europe,RTD Coffee,Off-trade Volume,million litres,2017,26.4
Latin America,Coffee,Retail Volume,Tonnes,2017,1066370.6
Latin America,RTD Coffee,Off-trade Volume,million litres,2017,20.5
Brazil,Coffee,Retail Volume,Tonnes,2017,745302.8
Brazil,RTD Coffee,Off-trade Volume,million litres,2017,1.5
Middle East and Africa,Coffee,Retail Volume,Tonnes,2017,518196.2
Middle East and Africa,RTD Coffee,Off-trade Volume,million litres,2017,24.6
North America,Coffee,Retail Volume,Tonnes,2017,832060.5
North America,RTD Coffee,Off-trade Volume,million litres,2017,559.7
USA,Coffee,Retail Volume,Tonnes,2017,765586.2
USA,RTD Coffee,Off-trade Volume,million litres,2017,551.9
Western Europe,Coffee,Retail Volume,Tonnes,2017,1299777.4
Western Europe,RTD Coffee,Off-trade Volume,million litres,2017,197.6
France,Coffee,Retail Volume,Tonnes,2017,180358.5
France,RTD Coffee,Off-trade Volume,million litres,2017,4.5
Germany,Coffee,Retail Volume,Tonnes,2017,387371.9
Germany,RTD Coffee,Off-trade Volume,million litres,2017,83.1
United Kingdom,Coffee,Retail Volume,Tonnes,2017,76630.5
United Kingdom,RTD Coffee,Off-trade Volume,million litres,2017,13.2
World,Coffee,Retail Volume,Tonnes,2018,5807390.1
World,RTD Coffee,Off-trade Volume,million litres,2018,5499.4
Asia Pacific,Coffee,Retail Volume,Tonnes,2018,1487609.8
Asia Pacific,RTD Coffee,Off-trade Volume,million litres,2018,4583.0
China,Coffee,Retail Volume,Tonnes,2018,65537.8
China,RTD Coffee,Off-trade Volume,million litres,2018,355.4
India,Coffee,Retail Volume,Tonnes,2018,66526.5
India,RTD Coffee,Off-trade Volume,million litres,2018,
Japan,Coffee,Retail Volume,Tonnes,2018,108641.3
Japan,RTD Coffee,Off-trade Volume,million litres,2018,3266.3
Thailand,Coffee,Retail Volume,Tonnes,2018,76235.0
Thailand,RTD Coffee,Off-trade Volume,million litres,2018,178.9
Australasia,Coffee,Retail Volume,Tonnes,2018,38781.4
Australasia,RTD Coffee,Off-trade Volume,million litres,2018,3.5
Australia,Coffee,Retail Volume,Tonnes,2018,33411.2
Australia,RTD Coffee,Off-trade Volume,million litres,2018,3.4
Eastern Europe,Coffee,Retail Volume,Tonnes,2018,500139.2
Eastern Europe,RTD Coffee,Off-trade Volume,million litres,2018,28.4
Latin America,Coffee,Retail Volume,Tonnes,2018,1095533.3
Latin America,RTD Coffee,Off-trade Volume,million litres,2018,21.6
Brazil,Coffee,Retail Volume,Tonnes,2018,770459.3
Brazil,RTD Coffee,Off-trade Volume,million litres,2018,1.4
Middle East and Africa,Coffee,Retail Volume,Tonnes,2018,539559.2
Middle East and Africa,RTD Coffee,Off-trade Volume,million litres,2018,26.7
North America,Coffee,Retail Volume,Tonnes,2018,843795.1
North America,RTD Coffee,Off-trade Volume,million litres,2018,603.0
USA,Coffee,Retail Volume,Tonnes,2018,776206.6
USA,RTD Coffee,Off-trade Volume,million litres,2018,594.3
Western Europe,Coffee,Retail Volume,Tonnes,2018,1301972.1
Western Europe,RTD Coffee,Off-trade Volume,million litres,2018,233.2
France,Coffee,Retail Volume,Tonnes,2018,181684.3
France,RTD Coffee,Off-trade Volume,million litres,2018,5.1
Germany,Coffee,Retail Volume,Tonnes,2018,387030.1
Germany,RTD Coffee,Off-trade Volume,million litres,2018,98.9
United Kingdom,Coffee,Retail Volume,Tonnes,2018,76568.8
United Kingdom,RTD Coffee,Off-trade Volume,million litres,2018,16.0
World,Coffee,Retail Volume,Tonnes,2019,5915938.4
World,RTD Coffee,Off-trade Volume,million litres,2019,5642.4
Asia Pacific,Coffee,Retail Volume,Tonnes,2019,1522277.8
Asia Pacific,RTD Coffee,Off-trade Volume,million litres,2019,4661.1
China,Coffee,Retail Volume,Tonnes,2019,65946.6
China,RTD Coffee,Off-trade Volume,million litres,2019,370.1
India,Coffee,Retail Volume,Tonnes,2019,70662.7
India,RTD Coffee,Off-trade Volume,million litres,2019,
Japan,Coffee,Retail Volume,Tonnes,2019,110318.2
Japan,RTD Coffee,Off-trade Volume,million litres,2019,3242.2
Thailand,Coffee,Retail Volume,Tonnes,2019,78063.4
Thailand,RTD Coffee,Off-trade Volume,million litres,2019,185.4
Australasia,Coffee,Retail Volume,Tonnes,2019,39158.1
Australasia,RTD Coffee,Off-trade Volume,million litres,2019,5.4
Australia,Coffee,Retail Volume,Tonnes,2019,33636.2
Australia,RTD Coffee,Off-trade Volume,million litres,2019,5.2
Eastern Europe,Coffee,Retail Volume,Tonnes,2019,509309.0
Eastern Europe,RTD Coffee,Off-trade Volume,million litres,2019,30.9
Latin America,Coffee,Retail Volume,Tonnes,2019,1129174.0
Latin America,RTD Coffee,Off-trade Volume,million litres,2019,22.0
Brazil,Coffee,Retail Volume,Tonnes,2019,797329.8
Brazil,RTD Coffee,Off-trade Volume,million litres,2019,1.3
Middle East and Africa,Coffee,Retail Volume,Tonnes,2019,562342.9
Middle East and Africa,RTD Coffee,Off-trade Volume,million litres,2019,28.1
North America,Coffee,Retail Volume,Tonnes,2019,854882.3
North America,RTD Coffee,Off-trade Volume,million litres,2019,631.5
USA,Coffee,Retail Volume,Tonnes,2019,786121.7
USA,RTD Coffee,Off-trade Volume,million litres,2019,621.4
Western Europe,Coffee,Retail Volume,Tonnes,2019,1298794.3
Western Europe,RTD Coffee,Off-trade Volume,million litres,2019,263.4
France,Coffee,Retail Volume,Tonnes,2019,186450.0
France,RTD Coffee,Off-trade Volume,million litres,2019,5.6
Germany,Coffee,Retail Volume,Tonnes,2019,382178.7
Germany,RTD Coffee,Off-trade Volume,million litres,2019,111.6
United Kingdom,Coffee,Retail Volume,Tonnes,2019,75663.5
United Kingdom,RTD Coffee,Off-trade Volume,million litres,2019,21.0
World,Coffee,Retail Volume,Tonnes,2020,6163793.8
World,RTD Coffee,Off-trade Volume,million litres,2020,5411.7
Asia Pacific,Coffee,Retail Volume,Tonnes,2020,1532808.0
Asia Pacific,RTD Coffee,Off-trade Volume,million litres,2020,4310.2
China,Coffee,Retail Volume,Tonnes,2020,67782.7
China,RTD Coffee,Off-trade Volume,million litres,2020,268.5
India,Coffee,Retail Volume,Tonnes,2020,75757.4
India,RTD Coffee,Off-trade Volume,million litres,2020,
Japan,Coffee,Retail Volume,Tonnes,2020,119096.3
Japan,RTD Coffee,Off-trade Volume,million litres,2020,3011.8
Thailand,Coffee,Retail Volume,Tonnes,2020,83872.4
Thailand,RTD Coffee,Off-trade Volume,million litres,2020,180.8
Australasia,Coffee,Retail Volume,Tonnes,2020,41850.5
Australasia,RTD Coffee,Off-trade Volume,million litres,2020,10.5
Australia,Coffee,Retail Volume,Tonnes,2020,35706.2
Australia,RTD Coffee,Off-trade Volume,million litres,2020,10.2
Eastern Europe,Coffee,Retail Volume,Tonnes,2020,518880.9
Eastern Europe,RTD Coffee,Off-trade Volume,million litres,2020,34.0
Latin America,Coffee,Retail Volume,Tonnes,2020,1163646.8
Latin America,RTD Coffee,Off-trade Volume,million litres,2020,20.1
Brazil,Coffee,Retail Volume,Tonnes,2020,814284.4
Brazil,RTD Coffee,Off-trade Volume,million litres,2020,1.1
Middle East and Africa,Coffee,Retail Volume,Tonnes,2020,579536.5
Middle East and Africa,RTD Coffee,Off-trade Volume,million litres,2020,27.6
North America,Coffee,Retail Volume,Tonnes,2020,937651.5
North America,RTD Coffee,Off-trade Volume,million litres,2020,734.9
USA,Coffee,Retail Volume,Tonnes,2020,858536.5
USA,RTD Coffee,Off-trade Volume,million litres,2020,723.0
Western Europe,Coffee,Retail Volume,Tonnes,2020,1389419.5
Western Europe,RTD Coffee,Off-trade Volume,million litres,2020,274.4
France,Coffee,Retail Volume,Tonnes,2020,196493.5
France,RTD Coffee,Off-trade Volume,million litres,2020,5.0
Germany,Coffee,Retail Volume,Tonnes,2020,415848.5
Germany,RTD Coffee,Off-trade Volume,million litres,2020,105.9
United Kingdom,Coffee,Retail Volume,Tonnes,2020,80975.9
United Kingdom,RTD Coffee,Off-trade Volume,million litres,2020,27.2
World,Coffee,Retail Volume,Tonnes,2021,6211134.5
World,RTD Coffee,Off-trade Volume,million litres,2021,5593.4
Asia Pacific,Coffee,Retail Volume,Tonnes,2021,1560101.5
Asia Pacific,RTD Coffee,Off-trade Volume,million litres,2021,4403.0
China,Coffee,Retail Volume,Tonnes,2021,69420.8
China,RTD Coffee,Off-trade Volume,million litres,2021,293.2
India,Coffee,Retail Volume,Tonnes,2021,80640.3
India,RTD Coffee,Off-trade Volume,million litres,2021,
Japan,Coffee,Retail Volume,Tonnes,2021,122065.8
Japan,RTD Coffee,Off-trade Volume,million litres,2021,3069.4
Thailand,Coffee,Retail Volume,Tonnes,2021,78407.1
Thailand,RTD Coffee,Off-trade Volume,million litres,2021,174.7
Australasia,Coffee,Retail Volume,Tonnes,2021,43769.7
Australasia,RTD Coffee,Off-trade Volume,million litres,2021,12.7
Australia,Coffee,Retail Volume,Tonnes,2021,37115.4
Australia,RTD Coffee,Off-trade Volume,million litres,2021,12.3
Eastern Europe,Coffee,Retail Volume,Tonnes,2021,525586.1
Eastern Europe,RTD Coffee,Off-trade Volume,million litres,2021,39.1
Latin America,Coffee,Retail Volume,Tonnes,2021,1191422.4
Latin America,RTD Coffee,Off-trade Volume,million litres,2021,20.4
Brazil,Coffee,Retail Volume,Tonnes,2021,823080.0
Brazil,RTD Coffee,Off-trade Volume,million litres,2021,1.1
Middle East and Africa,Coffee,Retail Volume,Tonnes,2021,594587.9
Middle East and Africa,RTD Coffee,Off-trade Volume,million litres,2021,30.8
North America,Coffee,Retail Volume,Tonnes,2021,890343.0
North America,RTD Coffee,Off-trade Volume,million litres,2021,797.3
USA,Coffee,Retail Volume,Tonnes,2021,814420.2
USA,RTD Coffee,Off-trade Volume,million litres,2021,784.6
Western Europe,Coffee,Retail Volume,Tonnes,2021,1405323.8
Western Europe,RTD Coffee,Off-trade Volume,million litres,2021,290.1
France,Coffee,Retail Volume,Tonnes,2021,200610.8
France,RTD Coffee,Off-trade Volume,million litres,2021,4.9
Germany,Coffee,Retail Volume,Tonnes,2021,417665.1
Germany,RTD Coffee,Off-trade Volume,million litres,2021,99.3
United Kingdom,Coffee,Retail Volume,Tonnes,2021,82995.3
United Kingdom,RTD Coffee,Off-trade Volume,million litres,2021,37.2
World,Coffee,Retail Volume,Tonnes,2022,6084333.8
World,RTD Coffee,Off-trade Volume,million litres,2022,5726.3
Asia Pacific,Coffee,Retail Volume,Tonnes,2022,1556709.8
Asia Pacific,RTD Coffee,Off-trade Volume,million litres,2022,4396.9
China,Coffee,Retail Volume,Tonnes,2022,71146.8
China,RTD Coffee,Off-trade Volume,million litres,2022,275.0
India,Coffee,Retail Volume,Tonnes,2022,85788.9
India,RTD Coffee,Off-trade Volume,million litres,2022,
Japan,Coffee,Retail Volume,Tonnes,2022,116127.3
Japan,RTD Coffee,Off-trade Volume,million litres,2022,3010.4
Thailand,Coffee,Retail Volume,Tonnes,2022,81000.2
Thailand,RTD Coffee,Off-trade Volume,million litres,2022,181.5
Australasia,Coffee,Retail Volume,Tonnes,2022,45352.0
Australasia,RTD Coffee,Off-trade Volume,million litres,2022,13.2
Australia,Coffee,Retail Volume,Tonnes,2022,38427.2
Australia,RTD Coffee,Off-trade Volume,million litres,2022,12.6
Eastern Europe,Coffee,Retail Volume,Tonnes,2022,507603.6
Eastern Europe,RTD Coffee,Off-trade Volume,million litres,2022,41.8
Latin America,Coffee,Retail Volume,Tonnes,2022,1186422.0
Latin America,RTD Coffee,Off-trade Volume,million litres,2022,21.2
Brazil,Coffee,Retail Volume,Tonnes,2022,812665.1
Brazil,RTD Coffee,Off-trade Volume,million litres,2022,1.1
Middle East and Africa,Coffee,Retail Volume,Tonnes,2022,605088.6
Middle East and Africa,RTD Coffee,Off-trade Volume,million litres,2022,37.7
North America,Coffee,Retail Volume,Tonnes,2022,825101.2
North America,RTD Coffee,Off-trade Volume,million litres,2022,891.5
USA,Coffee,Retail Volume,Tonnes,2022,747952.4
USA,RTD Coffee,Off-trade Volume,million litres,2022,878.3
Western Europe,Coffee,Retail Volume,Tonnes,2022,1358056.8
Western Europe,RTD Coffee,Off-trade Volume,million litres,2022,324.0
France,Coffee,Retail Volume,Tonnes,2022,188713.8
France,RTD Coffee,Off-trade Volume,million litres,2022,4.9
Germany,Coffee,Retail Volume,Tonnes,2022,418953.6
Germany,RTD Coffee,Off-trade Volume,million litres,2022,106.1
United Kingdom,Coffee,Retail Volume,Tonnes,2022,76048.4
United Kingdom,RTD Coffee,Off-trade Volume,million litres,2022,47.9
World,Coffee,Retail Volume,Tonnes,2023,6123042.7
World,RTD Coffee,Off-trade Volume,million litres,2023,5792.3
Asia Pacific,Coffee,Retail Volume,Tonnes,2023,1595433.1
Asia Pacific,RTD Coffee,Off-trade Volume,million litres,2023,4417.3
China,Coffee,Retail Volume,Tonnes,2023,66917.4
China,RTD Coffee,Off-trade Volume,million litres,2023,288.2
India,Coffee,Retail Volume,Tonnes,2023,91189.6
India,RTD Coffee,Off-trade Volume,million litres,2023,
Japan,Coffee,Retail Volume,Tonnes,2023,111469.9
Japan,RTD Coffee,Off-trade Volume,million litres,2023,3019.4
Thailand,Coffee,Retail Volume,Tonnes,2023,83663.2
Thailand,RTD Coffee,Off-trade Volume,million litres,2023,182.8
Australasia,Coffee,Retail Volume,Tonnes,2023,46223.1
Australasia,RTD Coffee,Off-trade Volume,million litres,2023,14.0
Australia,Coffee,Retail Volume,Tonnes,2023,39258.2
Australia,RTD Coffee,Off-trade Volume,million litres,2023,13.2
Eastern Europe,Coffee,Retail Volume,Tonnes,2023,509396.9
Eastern Europe,RTD Coffee,Off-trade Volume,million litres,2023,40.9
Latin America,Coffee,Retail Volume,Tonnes,2023,1197331.6
Latin America,RTD Coffee,Off-trade Volume,million litres,2023,22.3
Brazil,Coffee,Retail Volume,Tonnes,2023,821221.0
Brazil,RTD Coffee,Off-trade Volume,million litres,2023,1.1
Middle East and Africa,Coffee,Retail Volume,Tonnes,2023,623100.8
Middle East and Africa,RTD Coffee,Off-trade Volume,million litres,2023,44.0
North America,Coffee,Retail Volume,Tonnes,2023,819091.2
North America,RTD Coffee,Off-trade Volume,million litres,2023,903.8
USA,Coffee,Retail Volume,Tonnes,2023,740939.5
USA,RTD Coffee,Off-trade Volume,million litres,2023,889.8
Western Europe,Coffee,Retail Volume,Tonnes,2023,1332466.0
Western Europe,RTD Coffee,Off-trade Volume,million litres,2023,350.0
France,Coffee,Retail Volume,Tonnes,2023,183060.3
France,RTD Coffee,Off-trade Volume,million litres,2023,4.9
Germany,Coffee,Retail Volume,Tonnes,2023,411862.9
Germany,RTD Coffee,Off-trade Volume,million litres,2023,104.5
United Kingdom,Coffee,Retail Volume,Tonnes,2023,73708.2
United Kingdom,RTD Coffee,Off-trade Volume,million litres,2023,61.7
World,Coffee,Retail Volume,Tonnes,2024,6148465.5
World,RTD Coffee,Off-trade Volume,million litres,2024,5722.3
Asia Pacific,Coffee,Retail Volume,Tonnes,2024,1599417.9
Asia Pacific,RTD Coffee,Off-trade Volume,million litres,2024,4325.6
China,Coffee,Retail Volume,Tonnes,2024,63432.7
China,RTD Coffee,Off-trade Volume,million litres,2024,295.4
India,Coffee,Retail Volume,Tonnes,2024,97341.5
India,RTD Coffee,Off-trade Volume,million litres,2024,
Japan,Coffee,Retail Volume,Tonnes,2024,108136.7
Japan,RTD Coffee,Off-trade Volume,million litres,2024,2926.1
Thailand,Coffee,Retail Volume,Tonnes,2024,86288.9
Thailand,RTD Coffee,Off-trade Volume,million litres,2024,187.0
Australasia,Coffee,Retail Volume,Tonnes,2024,46335.7
Australasia,RTD Coffee,Off-trade Volume,million litres,2024,14.8
Australia,Coffee,Retail Volume,Tonnes,2024,39313.0
Australia,RTD Coffee,Off-trade Volume,million litres,2024,13.9
Eastern Europe,Coffee,Retail Volume,Tonnes,2024,514665.7
Eastern Europe,RTD Coffee,Off-trade Volume,million litres,2024,50.0
Latin America,Coffee,Retail Volume,Tonnes,2024,1204409.9
Latin America,RTD Coffee,Off-trade Volume,million litres,2024,24.0
Brazil,Coffee,Retail Volume,Tonnes,2024,826615.9
Brazil,RTD Coffee,Off-trade Volume,million litres,2024,1.2
Middle East and Africa,Coffee,Retail Volume,Tonnes,2024,642228.5
Middle East and Africa,RTD Coffee,Off-trade Volume,million litres,2024,49.8
North America,Coffee,Retail Volume,Tonnes,2024,814999.9
North America,RTD Coffee,Off-trade Volume,million litres,2024,879.3
USA,Coffee,Retail Volume,Tonnes,2024,738918.9
USA,RTD Coffee,Off-trade Volume,million litres,2024,865.3
Western Europe,Coffee,Retail Volume,Tonnes,2024,1326408.0
Western Europe,RTD Coffee,Off-trade Volume,million litres,2024,378.9
France,Coffee,Retail Volume,Tonnes,2024,180283.2
France,RTD Coffee,Off-trade Volume,million litres,2024,4.8
Germany,Coffee,Retail Volume,Tonnes,2024,407680.9
Germany,RTD Coffee,Off-trade Volume,million litres,2024,109.0
United Kingdom,Coffee,Retail Volume,Tonnes,2024,75035.2
United Kingdom,RTD Coffee,Off-trade Volume,million litres,2024,68.4
World,Coffee,Retail Volume,Tonnes,2025,6175791.8
World,RTD Coffee,Off-trade Volume,million litres,2025,5667.1
Asia Pacific,Coffee,Retail Volume,Tonnes,2025,1599384.2
Asia Pacific,RTD Coffee,Off-trade Volume,million litres,2025,4256.9
China,Coffee,Retail Volume,Tonnes,2025,61314.5
China,RTD Coffee,Off-trade Volume,million litres,2025,301.3
India,Coffee,Retail Volume,Tonnes,2025,104240.0
India,RTD Coffee,Off-trade Volume,million litres,2025,
Japan,Coffee,Retail Volume,Tonnes,2025,97775.2
Japan,RTD Coffee,Off-trade Volume,million litres,2025,2846.4
Thailand,Coffee,Retail Volume,Tonnes,2025,89133.0
Thailand,RTD Coffee,Off-trade Volume,million litres,2025,182.8
Australasia,Coffee,Retail Volume,Tonnes,2025,47389.1
Australasia,RTD Coffee,Off-trade Volume,million litres,2025,15.6
Australia,Coffee,Retail Volume,Tonnes,2025,40315.7
Australia,RTD Coffee,Off-trade Volume,million litres,2025,14.6
Eastern Europe,Coffee,Retail Volume,Tonnes,2025,514074.6
Eastern Europe,RTD Coffee,Off-trade Volume,million litres,2025,57.2
Latin America,Coffee,Retail Volume,Tonnes,2025,1214379.9
Latin America,RTD Coffee,Off-trade Volume,million litres,2025,25.0
Brazil,Coffee,Retail Volume,Tonnes,2025,830985.4
Brazil,RTD Coffee,Off-trade Volume,million litres,2025,1.2
Middle East and Africa,Coffee,Retail Volume,Tonnes,2025,672798.1
Middle East and Africa,RTD Coffee,Off-trade Volume,million litres,2025,58.5
North America,Coffee,Retail Volume,Tonnes,2025,809258.3
North America,RTD Coffee,Off-trade Volume,million litres,2025,849.0
USA,Coffee,Retail Volume,Tonnes,2025,735187.2
USA,RTD Coffee,Off-trade Volume,million litres,2025,835.2
Western Europe,Coffee,Retail Volume,Tonnes,2025,1318507.5
Western Europe,RTD Coffee,Off-trade Volume,million litres,2025,405.0
France,Coffee,Retail Volume,Tonnes,2025,178909.5
France,RTD Coffee,Off-trade Volume,million litres,2025,4.9
Germany,Coffee,Retail Volume,Tonnes,2025,405072.7
Germany,RTD Coffee,Off-trade Volume,million litres,2025,112.8
United Kingdom,Coffee,Retail Volume,Tonnes,2025,74710.0
United Kingdom,RTD Coffee,Off-trade Volume,million litres,2025,73.5
