Source Excel Row,Geography,Category,Data Type,Unit,Current Constant,2015,2016,2017,2018,2019,2020,2021,2022,2023,2024,2025
15,China,Coffee,Retail Volume,Tonnes,-,63458.7,63448.1,64333.5,65537.8,65946.6,67782.7,69420.8,71146.8,66917.4,63432.7,61314.5
24,Japan,Coffee,Retail Value RSP,JPY billion,Current Prices,365.1,375.3,360.1,364.8,368.4,394.0,404.1,404.5,415.5,430.0,461.1
21,India,RTD Coffee,Off-trade Volume,million litres,-,,,,,,,,,,,
22,India,RTD Coffee,Off-trade Value RSP,INR million,Current Prices,,,,,,,,,,,
7,World,Coffee,Retail Volume,Tonnes,-,5485017.6,5601169.2,5694325.5,5807390.1,5915938.4,6163793.8,6211134.5,6084333.8,6123042.7,6148465.5,6175791.8
8,World,Coffee,Retail Value RSP,USD million,Current Prices,79774.3,81240.8,85844.5,88374.3,89025.7,92552.5,98356.5,102967.6,111017.1,116219.3,125307.9
9,World,RTD Coffee,Off-trade Volume,million litres,-,4884.7,5056.9,5197.5,5499.4,5642.4,5411.7,5593.4,5726.3,5792.3,5722.3,5667.1
10,World,RTD Coffee,Off-trade Value RSP,USD million,Current Prices,18160.1,20048.4,20084.4,20606.4,20884.2,20462.6,21789.7,21080.1,22196.0,21692.2,22685.0
11,Asia Pacific,Coffee,Retail Volume,Tonnes,-,1324787.7,1401710.6,1449430.7,1487609.8,1522277.8,1532808.0,1560101.5,1556709.8,1595433.1,1599417.9,1599384.2
12,Asia Pacific,Coffee,Retail Value RSP,USD million,Current Prices,13216.9,14009.1,14229.3,14555.2,14829.8,15847.5,16867.8,16396.0,16837.4,17902.9,19034.1
