Source Excel Row,Geography,Category,Packaging Class,Pack Type,Data Type,Unit,2015,2016,2017,2018,2019,2020,2021,2022,2023,2024,2025
7,Western Europe,Coffee,Total,Total Packaging,Retail/off-trade Unit Volume,million units,9598.9,9955.3,10590.7,10943.2,11158.4,12080.3,12352.1,12052.9,12023.0,12135.5,12217.6
45,Latin America,Coffee,Total,Flexible Aluminium/Paper,Retail/off-trade Unit Volume,million units,,,0.0,0.0,0.0,0.0,0.1,0.1,0.1,0.1,0.1
297,Thailand,Coffee,Total,PET Jars,Retail/off-trade Unit Volume,million units,12.9,13.1,15.1,16.3,17.0,18.1,17.8,18.4,19.3,21.1,24.2
536,Thailand,RTD Coffee,Total,Other Packaging,Retail/off-trade Unit Volume,million units,5.1,5.5,6.8,5.4,5.6,5.4,5.3,6.4,8.2,8.8,10.0
84,United Kingdom,Coffee,Total,Flexible Paper/Plastic,Retail/off-trade Unit Volume,million units,,,,,,,,,,,
8,Eastern Europe,Coffee,Total,Total Packaging,Retail/off-trade Unit Volume,million units,5011.9,4965.5,4956.9,4912.7,5017.4,4919.0,4973.3,4647.0,4830.5,4740.6,4701.0
9,North America,Coffee,Total,Total Packaging,Retail/off-trade Unit Volume,million units,2985.7,3050.0,3035.8,3111.1,3186.9,3497.4,3391.8,3185.6,3241.2,3279.0,3314.5
10,Latin America,Coffee,Total,Total Packaging,Retail/off-trade Unit Volume,million units,3696.1,3829.8,3995.6,4124.3,4267.0,4406.3,4590.0,4574.4,4693.7,4747.1,4812.5
11,Asia Pacific,Coffee,Total,Total Packaging,Retail/off-trade Unit Volume,million units,24251.7,26137.5,27864.4,29133.8,30123.1,29916.8,30660.3,30972.3,32236.4,32830.9,33102.2
12,Australasia,Coffee,Total,Total Packaging,Retail/off-trade Unit Volume,million units,266.6,271.1,270.9,272.2,279.4,296.1,308.9,317.1,316.4,311.8,311.7
