Source Excel Row,Geography,Category,Packaging Class,Pack Type,Pack Size,Data Type,Unit,2015,2016,2017,2018,2019,2020,2021,2022,2023,2024,2025
14,World,Coffee,Total,Total Packaging,100 g,Retail/off-trade Unit Volume,million units,3187.0,3275.1,3319.9,3399.4,3466.5,3585.8,3704.4,3673.2,3738.9,3791.2,3774.2
41,China,Coffee,Total,Total Packaging,1000 g,Retail/off-trade Unit Volume,million units,,,0.1,0.1,0.1,0.1,0.1,0.2,0.2,0.2,0.3
916,North America,Coffee,Total,Total Packaging,Total,Retail/off-trade Unit Volume,million units,2985.7,3050.0,3035.8,3111.1,3186.9,3497.4,3391.8,3185.6,3241.2,3279.0,3314.5
5468,Western Europe,Coffee,Total,PET Jars,100 g,Retail/off-trade Unit Volume,million units,0.1,0.1,0.1,0.1,0.1,0.1,0.1,0.1,0.1,0.1,0.1
6021,World,RTD Coffee,Total,Total Packaging,250 ml,Retail/off-trade Unit Volume,million units,1078.6,1171.9,1370.7,1713.9,1978.5,1925.7,2033.9,2242.1,2350.0,2439.3,2508.1
294,United Kingdom,Coffee,Total,Total Packaging,170 g,Retail/off-trade Unit Volume,million units,,,,,,,,,,,
52,Asia Pacific,Coffee,Total,Total Packaging,104 g,Retail/off-trade Unit Volume,million units,0.0,0.0,0.0,0.0,0.0,0.0,0.1,0.1,0.1,0.1,0.1
7,Eastern Europe,Coffee,Total,Total Packaging,10 g,Retail/off-trade Unit Volume,million units,21.1,21.0,13.7,0.9,8.6,7.0,6.2,4.7,3.9,2.5,0.8
8,North America,Coffee,Total,Total Packaging,10 g,Retail/off-trade Unit Volume,million units,40.0,43.8,45.5,44.3,43.1,40.6,37.4,35.8,37.1,43.0,40.8
9,Latin America,Coffee,Total,Total Packaging,10 g,Retail/off-trade Unit Volume,million units,77.0,80.5,81.9,84.9,89.0,91.5,116.2,119.5,125.1,133.8,133.2
