Source Excel Row,Geography,Category,Outlet Type,Data Type,Unit,2015,2016,2017,2018,2019,2020,2021,2022,2023,2024,2025
7,World,Coffee,Retail Channels,Retail Volume,%,100.0,100.0,100.0,100.0,100.0,100.0,100.0,100.0,100.0,100.0,100.0
8,World,Coffee,Retail Offline,Retail Volume,%,97.8,97.6,97.5,97.2,96.7,94.4,94.0,93.4,92.9,91.8,91.4
29,World,Coffee,Retail E-Commerce,Retail Volume,%,2.2,2.4,2.5,2.8,3.3,5.6,6.0,6.6,7.1,8.2,8.6
21,World,Coffee,Apparel and Footwear Specialists,Retail Volume,%,,,,,,,,,,,
30,World,Coffee,Total,Retail Volume,%,100.0,100.0,100.0,100.0,100.0,100.0,100.0,100.0,100.0,100.0,100.0
41,World,RTD Coffee,Food/drink/tobacco specialists,Off-trade Volume,%,0.0,0.0,0.0,0.0,0.0,0.0,0.0,0.0,0.0,0.0,0.0
9,World,Coffee,Grocery Retailers,Retail Volume,%,95.1,95.0,94.9,94.7,94.2,92.1,91.6,91.1,90.7,89.6,89.2
10,World,Coffee,Convenience Retailers,Retail Volume,%,5.3,5.4,5.4,5.4,5.4,5.1,5.2,5.1,5.2,5.2,5.1
11,World,Coffee,Convenience Stores,Retail Volume,%,4.2,4.3,4.3,4.4,4.4,4.3,4.4,4.3,4.4,4.4,4.3
12,World,Coffee,Forecourt Retailers,Retail Volume,%,1.1,1.1,1.0,1.0,1.0,0.8,0.8,0.8,0.8,0.8,0.8
